Iteration, CPU Time, API Time, Total Episodes, Total Steps, Total Reward, Context Size, Num Attempts, Parameters
0, 12.108585086, 14.144838333129883, 120, 120000, 64.00838901040386, 1402, 1, [ 0.   0.5 -0.5  1.  -1.   0.2 -0.2  0.8 -0.8  1.5 -1.5  0.6 -0.6  2.  -2.   0.9 -0.9  0.3]
1, 14.470563192000002, 26.001361846923828, 140, 140000, 134.3315724537397, 1402, 1, [ 2.3 -0.3  4.1  2.1 -4.4  0.1 -0.8 -0.2 -0.7 -1.8 -0.5 -5.8  4.6  0.6   4.1 -2.4  0.7 -1.5]
2, 17.095266035999998, 39.338120222091675, 160, 160000, -14.48632004216889, 1353, 1, [ 3.  -3.5  2.5 -1.   1.5  0.5 -2.   4.  -0.5  3.  -1.5 -0.7  2.  -1.8  -3.   0.8  1.2 -2.3]
3, 19.933249808, 49.48331570625305, 180, 180000, 12.285388161011147, 1303, 1, [ 0.5 -0.5  2.5  1.  -1.   0.2 -0.8  1.5  0.3 -2.  -0.5  3.  -1.2  0.7  -0.6  2.4  1.5 -0.3]
4, 22.300837742, 60.78918671607971, 200, 200000, -35.15986753564319, 1303, 1, [-2.   0.3 -4.  -2.   4.5  0.1  1.   0.2  0.8  1.8  0.7  5.5 -4.5 -0.5  -4.   2.4 -0.5  1. ]
5, 24.691353608, 86.78154945373535, 220, 220000, 134.17964318957206, 1303, 1, [ 3.  -1.   2.8  1.5 -3.   0.5 -0.5 -0.4 -0.9 -2.  -0.2 -5.5  4.8  0.8   3.5 -2.   0.5 -1. ]
6, 27.045287597999998, 96.86627292633057, 240, 240000, 132.791098442153, 1353, 1, [ 2.4 -0.3  3.9  2.  -4.2  0.2 -0.8 -0.2 -0.8 -1.9 -0.5 -5.7  4.7  0.6   4.2 -2.4  0.7 -1.5]
7, 29.387643192, 108.67309784889221, 260, 260000, 124.54716632032803, 1353, 1, [ 3.5 -0.5  3.5  2.5 -3.   0.  -1.  -0.2 -0.5 -1.5 -0.4 -5.   4.8  0.7   4.  -2.   0.8 -1.4]
8, 31.742849142999997, 118.60843777656555, 280, 280000, 138.0641602219543, 1303, 1, [ 2.  -0.1  4.   2.  -4.   0.  -0.9 -0.1 -0.8 -1.8 -0.6 -5.8  4.6  0.6   4.  -2.4  0.6 -1.5]
9, 34.153568952, 141.09280395507812, 300, 300000, 122.93295568795308, 1303, 1, [ 3.  -0.5  4.5  2.5 -4.   0.  -0.8 -0.2 -0.7 -1.7 -0.5 -5.7  4.7  0.7   4.2 -2.3  0.7 -1.4]
10, 36.458645689, 153.24548482894897, 320, 320000, 133.00801870920202, 1254, 1, [ 1.   0.5  2.   1.5 -3.5  0.  -1.  -0.3 -1.2 -2.  -0.5 -5.5  4.   0.5   3.8 -2.   0.6 -1.3]
11, 38.83917118, 165.9234595298767, 340, 340000, -60.64322019496617, 1353, 1, [ 3.3  0.4  2.9 -0.6  1.5 -2.2  4.  -3.5 -1.   2.4  0.8 -4.5  2.5 -1.8   0.   3.  -0.7  1.2]
12, 41.166317632, 178.5050060749054, 360, 360000, 136.56260213589493, 1303, 1, [ 2.5 -0.4  3.8  2.  -3.8  0.1 -0.7 -0.2 -0.9 -1.9 -0.5 -5.7  4.7  0.6   4.1 -2.4  0.7 -1.5]
13, 43.931812040000004, 210.40575003623962, 380, 380000, 14.78397863504043, 1353, 1, [0.3 0.3 0.3 0.3 0.3 0.3 0.3 0.3 0.3 0.3 0.3 0.3 0.3 0.3 0.3 0.3 0.3 0.3]
14, 46.261812143, 226.32455706596375, 400, 400000, 126.24947145955908, 1353, 1, [ 2.4 -0.3  4.1  2.4 -4.3  0.1 -0.8 -0.2 -0.7 -1.8 -0.5 -5.8  4.6  0.6   4.1 -2.4  0.7 -1.5]
15, 48.611077795, 243.9012107849121, 420, 420000, 132.08965799445713, 1353, 1, [ 2.4 -0.1  3.8  2.4 -4.1  0.2 -0.7 -0.2 -0.9 -1.8 -0.5 -5.8  4.6  0.6   4.2 -2.4  0.7 -1.4]
16, 51.002462539, 277.60146164894104, 440, 440000, 82.09826315088988, 1353, 1, [ 4.  -4.   4.   4.  -4.   0.5  3.5  3.5 -3.5  4.  -4.  -4.5  4.5  4.   4.5 -4.   0.5  0.5]
17, 53.382494502, 290.9658577442169, 460, 460000, 136.1111902022515, 1353, 1, [ 2.3 -0.1  4.1  2.3 -4.2  0.1 -0.8 -0.2 -0.9 -1.8 -0.5 -5.8  4.6  0.6   4.2 -2.4  0.7 -1.5]
18, 55.916090649000004, 300.54019236564636, 480, 480000, -39.04299719480991, 1402, 1, [ 5.   0.   5.   5.  -5.   0.  -5.  -0.5 -5.  -5.  -5.  -5.5  5.   0.5   5.  -5.   0.5 -1.5]
19, 58.327220079, 325.22060918807983, 500, 500000, 1.0876229235600305, 1353, 1, [-4.   2.  -3.   4.  -1.  -0.5  0.   1.  -2.  -2.   1.   2.   0.5 -1.   3.   1.5 -0.3  0.2]
20, 61.079326706, 336.0680992603302, 520, 520000, 2.158386356283805, 1353, 1, [3. 1. 3. 1. 3. 1. 3. 1. 3. 1. 3. 1. 3. 1. 3. 1. 1. 1.]
21, 63.447163563000004, 346.2089350223541, 540, 540000, 106.95791554372981, 1353, 1, [ 3.5 -3.2  3.8  2.5 -5.   0.2 -2.1 -1.7 -4.5  4.2 -3.  -4.8  4.8  0.9   3.9 -2.9  0.4 -0.6]
22, 65.760543915, 356.3969588279724, 560, 560000, 136.33320630736404, 1353, 1, [ 2.4 -0.3  4.2  2.2 -4.3  0.  -0.8 -0.2 -0.9 -1.8 -0.5 -5.9  4.6  0.6   4.1 -2.5  0.7 -1.5]
23, 68.483285459, 365.323637008667, 580, 580000, -24.87558720445573, 1402, 1, [ 3.2 -2.1  4.5 -1.   0.   0.5 -3.   2.2 -0.7  1.5 -4.4 -0.2  2.8 -1.9   3.1 -2.7  0.9 -1.1]
24, 70.808509116, 393.28486585617065, 600, 600000, 136.36121524300628, 1353, 1, [ 1.8 -0.5  3.5  1.9 -3.8  0.2 -1.  -0.3 -1.  -2.  -0.7 -5.7  4.3  0.4   3.9 -2.6  0.5 -1.4]
25, 73.545450671, 405.3533778190613, 620, 620000, -24.323902180832903, 1353, 1, [ 0.  -5.   4.8 -3.6  2.4 -1.2 -0.8  3.   5.6 -2.8 -4.   1.4 -3.2  0.6  -0.4  4.2 -2.   2.8]
26, 75.90363881900001, 415.98439383506775, 640, 640000, 141.19251874341353, 1303, 1, [ 2.3 -0.1  4.   2.  -4.   0.  -0.9 -0.1 -0.8 -1.8 -0.6 -5.8  4.6  0.6   4.  -2.4  0.6 -1.5]
27, 78.80670663000001, 425.1766605377197, 660, 660000, 1.140983364794558, 1353, 1, [ 0.5 -4.2  3.6 -1.2  2.4  0.8 -2.8  1.  -5.   2.2 -3.6 -0.5  4.  -1.2   3.2 -2.   0.3 -2.6]
28, 81.361270097, 436.0066111087799, 680, 680000, 16.4845121581374, 1303, 1, [ 4.  -3.2  5.6 -1.4 -2.8  0.9 -4.1  2.3  1.5 -0.7 -3.3  1.8 -5.2  3.1  -4.6 -0.2 -1.1  0.5]
29, 83.821646251, 449.2998642921448, 700, 700000, -189.71204147176883, 1303, 1, [ 3.1 -2.5  4.5  2.  -3.5  0.8 -1.   0.4 -4.   1.2 -2.3  1.5  5.  -0.6  -3.   2.7  0.9 -1.4]
30, 86.50106357, 459.4680869579315, 720, 720000, -6.583871742169043, 1353, 1, [-5.   5.  -4.5  4.5 -3.5  3.5 -2.5  2.5 -1.5  1.5 -0.5  0.5 -6.   6.  -5.5  5.5 -4.   4. ]
31, 88.924689541, 469.176869392395, 740, 740000, 121.23513241746662, 1353, 1, [ 3.5 -1.   4.8  2.1 -3.5  0.2 -0.8 -0.3 -0.6 -1.7 -0.5 -5.5  4.9  0.7   3.9 -2.2  0.5 -1.3]
32, 91.35605634, 479.72754073143005, 760, 760000, -159.78457300539029, 1402, 1, [ 1.   3.2 -2.7  4.4 -5.1  0.9 -1.3  2.5 -0.2 -4.8  2.9 -3.6  5.5 -0.6  -1.8  1.7 -2.3  0.4]
33, 93.732055226, 490.7168526649475, 780, 780000, 131.91911064292577, 1402, 1, [ 2.6 -0.2  4.8  2.2 -4.2  0.  -0.8 -0.1 -0.9 -1.8 -0.6 -5.9  4.7  0.6   4.1 -2.4  0.7 -1.5]
34, 96.383334876, 500.67162346839905, 800, 800000, 8.05173507272114, 1402, 1, [ 3.  -0.5  2.5 -0.2  1.5 -1.   0.8 -0.8  0.5 -0.5 -0.3  0.3  0.4 -0.4   0.2 -0.2  0.7 -0.7]
35, 98.815675552, 509.54889583587646, 820, 820000, 136.1329555653341, 1402, 1, [ 2.8 -0.2  3.9  2.  -4.1  0.1 -0.8 -0.2 -0.9 -1.9 -0.6 -5.8  4.7  0.6   4.2 -2.4  0.6 -1.4]
36, 101.42794449600001, 521.3129320144653, 840, 840000, -70.87889021785098, 1402, 1, [-5.   3.  -4.5 -1.5  2.5 -0.5  0.8 -3.2  1.  -2.   4.  -1.  -3.   2.  -4.   1.5 -0.5  3.5]
37, 104.08752865700001, 530.848452091217, 860, 860000, -22.3726889078688, 1402, 1, [-4.2  5.1 -3.4  0.8  2.9 -1.2  3.3 -0.7 -5.5  1.  -2.8  4.  -1.5  2.2  -4.9 -0.6  0.9 -3.1]
38, 106.458640039, 540.2720334529877, 880, 880000, -25.231370761136596, 1402, 1, [ 0.5  1.2 -3.4  2.9 -0.6 -1.   4.1 -2.3 -4.7  0.8 -5.5  1.3 -2.1  3.  -4.9  0.4 -0.7  2.6]
39, 108.845881163, 556.4158034324646, 900, 900000, -1.1542553019925896, 1402, 1, [ 5.   1.  -5.   4.  -4.   0.5 -3.   2.   3.  -1.  -2.   5.  -4.5  1.5  -3.5  0.   0.8 -0.8]
40, 111.609923206, 564.0144410133362, 920, 920000, -29.514385382239205, 1402, 1, [-1.2  4.   3.1 -2.5 -1.   0.7 -3.4  1.5  2.2 -2.8  0.6 -4.3  3.9 -0.4  -1.5  2.9  0.  -1.2]
41, 114.048998619, 574.7597868442535, 940, 940000, 139.21839310011052, 1402, 1, [ 3.5 -1.   3.   1.5 -3.   0.2 -0.8 -0.5 -1.  -2.  -0.5 -5.   4.   0.7   3.5 -2.   0.5 -1. ]
42, 116.637941221, 587.1235463619232, 960, 960000, 14.128849292429326, 1402, 1, [ 3.2 -2.4 -1.8  4.  -3.6  1.  -4.8  2.2 -0.4 -5.   0.8 -1.2  5.6 -3.   2.4 -0.6  4.2 -2. ]
43, 118.968193427, 601.4460196495056, 980, 980000, 131.87631508729186, 1353, 1, [ 2.5 -0.2  3.5  4.  -3.   0.  -0.8 -0.5 -0.8 -1.8 -0.6 -5.8  4.6  0.6   4.  -2.4  0.5 -1. ]
44, 121.332405419, 614.6393876075745, 1000, 1000000, 133.28335672919587, 1353, 1, [ 1.2 -0.3  3.1  2.1 -3.9  0.2 -0.8 -0.1 -1.  -1.8 -0.7 -5.7  4.8  0.7   4.2 -2.3  0.7 -1.4]
45, 123.727194798, 624.3017902374268, 1020, 1020000, 141.6693675231509, 1353, 1, [ 3.   0.2  4.   2.  -3.5  0.  -0.8 -0.1 -0.9 -1.8 -0.6 -5.7  4.7  0.6   4.  -2.4  0.6 -1.4]
46, 126.107876221, 641.9000947475433, 1040, 1040000, 142.82292240203765, 1353, 1, [ 2.8  0.5  3.8  2.4 -3.   0.2 -0.6 -0.2 -0.8 -1.5 -0.4 -5.5  4.5  0.7   3.8 -2.   0.8 -1.2]
47, 128.713608917, 655.648396730423, 1060, 1060000, -151.0355316471796, 1353, 1, [-3.   1.   0.5 -2.5  3.  -0.5  2.  -1.  -2.   1.5 -4.   0.2 -1.5  2.5  -0.8  3.5 -2.   4. ]
48, 131.043595966, 679.3459026813507, 1080, 1080000, 122.44008266706085, 1303, 1, [ 3.2  0.4  4.2  1.8 -4.   0.1 -1.  -0.3 -0.7 -1.7 -0.4 -5.9  4.8  0.8   4.2 -2.2  0.9 -1.1]
49, 133.48529204, 687.9344778060913, 1100, 1100000, 139.55218027401867, 1303, 1, [ 2.9  0.5  3.8  2.4 -3.   0.2 -0.6 -0.2 -0.8 -1.5 -0.3 -5.4  4.5  0.7   3.8 -2.   0.9 -1.2]
50, 135.85018345999998, 700.2599217891693, 1120, 1120000, 1.3299772466640836, 1303, 1, [ 4.1 -5.3 -1.2  3.6  0.7 -4.5  1.9 -2.8 -3.   2.4 -0.6  5.  -4.9  0.3   1.5 -6.  -3.5  2. ]
51, 138.62062503299998, 712.201019525528, 1140, 1140000, -26.60831876716756, 1303, 1, [ 0.3 -1.4  2.7  1.  -2.5  0.8 -0.9  1.2  3.1 -0.6 -1.8  4.2 -3.4 -0.7   2.9  0.5 -2.1  3. ]
52, 141.05435366499998, 724.2442002296448, 1160, 1160000, 126.87616507134626, 1353, 1, [ 3.5 -0.5  3.   2.2 -4.2  0.3 -1.1 -0.4 -0.9 -1.6 -0.7 -5.8  4.6  0.8   4.1 -2.3  0.7 -1.3]
53, 143.80898050599998, 734.2019379138947, 1180, 1180000, -12.039508743315666, 1353, 1, [-5.  5. -5.  5. -5.  5. -5.  5. -5.  5. -5.  5. -5.  5. -5.  5.  0.  0.]
54, 146.542507124, 744.8008472919464, 1200, 1200000, -51.148595482543584, 1353, 1, [-4.2  1.7  3.3 -2.5  0.   4.6 -3.1  2.2 -1.4  5.   0.9 -4.8  2.  -0.3  -5.5  3.9 -2.7  1. ]
55, 148.60675012599998, 759.7576959133148, 1220, 1220000, 1.1510743854103085, 1402, 1, [0. 0. 0. 0. 0. 0. 0. 0. 0. 0. 0. 0. 0. 0. 0. 0. 0. 0.]
56, 151.13938976699998, 770.8659918308258, 1240, 1240000, 140.00069170040035, 1402, 1, [ 3.   0.6  4.   2.5 -2.8  0.3 -0.5 -0.1 -0.7 -1.4 -0.3 -5.4  4.6  0.8   4.  -1.8  0.9 -1. ]
57, 153.53707921199998, 782.3493456840515, 1260, 1260000, 128.67309405981922, 1402, 1, [ 4.5 -1.   4.5  1.  -4.  -0.5 -0.5 -0.2 -1.  -1.5 -0.4 -5.   5.   0.8   4.5 -2.   0.8 -1. ]
58, 155.887322036, 792.243061542511, 1280, 1280000, 120.27423001281197, 1353, 1, [ 3.5  1.   4.2  2.  -3.8  0.4 -0.7 -0.1 -0.9 -1.6 -0.5 -5.6  4.8  0.9   4.2 -2.2  0.7 -1.1]
59, 158.55324213499998, 802.5311551094055, 1300, 1300000, -55.15525752537875, 1353, 1, [-3.2  2.4 -1.8  4.  -0.6  3.1 -2.5 -0.9  1.5 -3.3  0.7 -4.2  2.9  0.   5.  -1.4 -0.8  4.4]
60, 161.382722936, 813.3787109851837, 1320, 1320000, -4.9283482281491215, 1353, 1, [-5.   2.5  4.8  3.  -4.5  1.2 -1.   0.3 -0.9 -2.   0.  -4.   5.   0.5   4.2 -2.8  0.7 -0.8]
61, 164.14087661599999, 851.4452288150787, 1340, 1340000, -48.64273053129541, 1353, 1, [ 4.9 -4.9  4.9  4.9 -4.9  4.9 -4.9  4.9  4.9 -4.9  4.9 -4.9  4.9 -4.9   4.9 -4.9  0.   0. ]
62, 166.51619274299998, 890.2623054981232, 1360, 1360000, 137.24394473966507, 1402, 1, [ 2.9  0.6  3.9  2.5 -3.1  0.3 -0.5 -0.1 -0.7 -1.4 -0.3 -5.4  4.6  0.8   3.9 -1.9  0.9 -1.1]
63, 169.120489417, 899.4218513965607, 1380, 1380000, -48.71875079705809, 1402, 1, [ 0.   3.  -2.  -4.   2.5 -1.5  3.5 -2.5 -3.   1.  -4.5  2.  -0.5  4.  -1.   0.5 -3.   1.5]
64, 171.487653487, 907.5462143421173, 1400, 1400000, -7.307478153343761, 1402, 1, [ 4.   0.  -4.  -1.   2.   0.  -3.   1.   1.  -2.   0.  -4.   3.   0.   2.  -3.   0.5 -1.5]
65, 173.854704788, 919.0693600177765, 1420, 1420000, 120.3010908346093, 1402, 1, [ 3.5  0.   4.5  2.5 -3.5  0.5 -0.7 -0.3 -0.6 -1.3 -0.4 -5.8  4.8  0.6   4.3 -2.   0.8 -1.1]
66, 176.24203939799997, 928.2595913410187, 1440, 1440000, 128.4227873103298, 1402, 1, [ 4.   1.   3.5  1.5 -2.5  0.5 -0.5  0.2 -1.  -1.5 -0.5 -5.   4.   0.5   4.5 -2.   0.5 -1. ]
67, 179.028599749, 957.395177602768, 1460, 1460000, -22.513875931055402, 1402, 1, [ 0.3 -0.4  0.5 -0.2  0.1  0.7 -0.6  0.8 -0.5  0.2 -0.3  0.4  0.9 -0.7   0.6 -0.1  0.  -0.2]
68, 181.453748957, 965.895482301712, 1480, 1480000, 133.04232011566742, 1402, 1, [ 3.2  0.8  4.2  2.8 -2.8  0.4 -0.4 -0.1 -0.9 -1.2 -0.5 -5.3  4.9  0.7   4.4 -2.   0.7 -1. ]
69, 183.84789912899998, 978.9266233444214, 1500, 1500000, 125.02306781926318, 1402, 1, [ 5.   2.   5.   3.  -4.   0.5 -2.  -0.5 -1.  -1.  -0.2 -5.   5.   1.   4.5 -2.   0.5 -1. ]
70, 186.31803237399998, 987.8424513339996, 1520, 1520000, 133.34345568986308, 1402, 1, [ 4.   0.   4.   2.  -4.   0.5 -0.5 -0.2 -0.6 -1.  -0.4 -5.5  4.5  0.6   4.  -2.   0.8 -1. ]
71, 188.69334931699998, 1002.2069125175476, 1540, 1540000, 137.46984578520463, 1402, 1, [ 3.   0.6  4.1  2.6 -3.2  0.4 -0.7 -0.3 -0.9 -1.6 -0.5 -5.6  4.6  0.6   4.2 -2.   0.8 -1.3]
72, 191.09605877599998, 1012.699586391449, 1560, 1560000, 135.1289629695762, 1402, 1, [ 3.5  0.5  4.5  2.  -4.   0.3 -0.8 -0.3 -1.  -1.4 -0.5 -5.5  4.8  0.8   4.2 -2.   0.7 -1. ]
73, 193.53388589099998, 1023.7846963405609, 1580, 1580000, 123.16050022580427, 1402, 1, [ 4.  -0.5  4.5  3.  -2.   0.4 -0.3  0.1 -0.8 -1.2 -0.2 -5.   5.   0.9   4.8 -1.8  0.8 -0.9]
74, 196.27837580099998, 1032.4964137077332, 1600, 1600000, -28.957467000897093, 1402, 1, [ 6. -6.  6. -6.  6. -6.  6. -6.  6. -6.  6. -6.  6. -6.  6. -6.  6. -6.]
75, 198.706409722, 1041.0241920948029, 1620, 1620000, 118.28969805175566, 1402, 1, [ 4.5  0.   5.   2.5 -3.5  0.3 -0.4 -0.2 -0.7 -1.2 -0.6 -5.2  4.9  0.8   4.5 -2.   0.9 -1. ]
76, 201.15153810799998, 1051.0208292007446, 1640, 1640000, 108.70791189498375, 1402, 1, [ 5.  -1.   5.   3.  -3.   0.5 -1.  -0.5 -1.  -1.  -1.  -5.   5.   0.5   5.  -2.   1.  -1. ]
77, 204.07849696899999, 1065.5168735980988, 1660, 1660000, -33.29063242113908, 1402, 1, [-4.   2.   3.5  1.5 -5.   0.5  5.  -1.  -2.  -3.   4.  -5.5  4.   0.7   3.5 -2.5  0.6 -1.5]
78, 206.56564055299998, 1086.0031733512878, 1680, 1680000, 134.65818827837208, 1402, 1, [ 1.2 -0.7  2.9  1.8 -1.4  0.3 -0.5  0.   0.9 -0.6 -0.2 -4.5  3.6  0.4   3.  -1.5  0.7 -1.3]
79, 208.99858523199998, 1097.715488910675, 1700, 1700000, 74.05332982559392, 1402, 1, [ 2.   1.5  3.   1.  -2.5  0.  -1.   0.5 -0.5 -1.2 -0.8 -4.5  3.8  0.7   4.  -2.   0.5 -1. ]
80, 211.47169928399998, 1106.4975616931915, 1720, 1720000, 153.93526153990953, 1402, 1, [ 1.  -0.4  2.5  1.2 -2.3  0.4 -0.9  0.1 -1.2 -0.8 -0.5 -4.9  3.9  0.7   4.1 -1.9  0.8 -1.3]
81, 213.86136438, 1135.065170288086, 1740, 1740000, 150.2298607278621, 1402, 1, [ 1.1 -0.4  2.5  1.3 -2.3  0.4 -0.8  0.1 -1.2 -0.8 -0.5 -4.8  3.9  0.7   4.1 -1.9  0.8 -1.3]
82, 216.424184425, 1152.7002801895142, 1760, 1760000, 83.75763468318247, 1353, 1, [ 0.4 -0.6  3.2  1.8 -2.4  0.5 -0.9  0.3  1.1 -1.  -0.7 -4.2  3.5  0.6   4.  -1.8  0.7 -1.4]
83, 218.82549192, 1165.303469657898, 1780, 1780000, 113.63035275493829, 1303, 1, [ 4.  -0.3  5.   2.8 -3.5 -0.2 -1.2  0.2 -0.7 -1.  -0.6 -5.   4.8  0.6   4.6 -2.   0.7 -1.4]
84, 221.766057996, 1177.699146747589, 1800, 1800000, -18.153314943783435, 1303, 1, [ 1.  -1.   1.5 -1.5  0.5 -0.5  2.  -2.   0.3 -0.3  1.  -1.   2.5 -2.5   0.7 -0.7  0.4 -0.4]
85, 224.218159093, 1191.7693858146667, 1820, 1820000, 148.89763437987546, 1303, 1, [ 1.2 -0.3  2.6  1.4 -2.2  0.5 -0.8  0.2 -1.1 -0.9 -0.4 -5.   4.   0.8   4.2 -1.8  0.9 -1.2]
86, 226.60192525899998, 1210.7265713214874, 1840, 1840000, 144.44694102279215, 1353, 1, [ 1.3 -0.1  2.7  1.5 -2.1  0.6 -0.7  0.4 -1.  -0.6 -0.4 -4.7  4.   0.9   4.3 -1.7  1.  -1.1]
87, 228.999664274, 1231.8903834819794, 1860, 1860000, 116.81579676301665, 1353, 1, [ 3.  -0.5  4.   2.  -4.   0.5 -0.8  0.2 -0.5 -1.  -0.6 -5.   4.5  0.7   4.5 -1.8  0.8 -1.2]
88, 231.34863471399999, 1247.6058461666107, 1880, 1880000, 146.9567935826734, 1303, 1, [ 1.5 -0.2  2.9  1.7 -2.5  0.3 -0.8  0.2 -1.  -1.  -0.4 -5.   4.2  0.8   4.3 -1.8  0.9 -1.3]
89, 233.74656732, 1277.3144073486328, 1900, 1900000, 149.1686507304998, 1303, 1, [ 1.3 -0.3  2.7  1.6 -2.2  0.5 -0.8  0.3 -1.1 -0.7 -0.4 -4.9  4.   0.8   4.2 -1.8  0.9 -1.2]
90, 236.12605550299998, 1299.760547876358, 1920, 1920000, 127.6038388879465, 1303, 1, [ 2.5 -0.6  3.5  1.8 -2.7  0.6 -0.6  0.3 -0.9 -0.9 -0.3 -5.   4.2  0.8   4.4 -1.7  1.  -1. ]
91, 238.48999069799999, 1313.917849779129, 1940, 1940000, -12.107712481472001, 1303, 1, [-5.   5.  -4.5  4.5  3.  -3.   2.5 -2.5  0.   0.   1.5 -1.5 -2.   2.  -3.5  3.5 -0.5  0.5]
92, 240.846676527, 1340.4188115596771, 1960, 1960000, 135.84492573934875, 1303, 1, [ 1.  -0.4  3.   1.5 -2.   0.4 -0.9  0.2 -1.  -0.9 -0.4 -4.9  4.3  0.8   4.4 -1.8  1.  -1.4]
93, 243.18569813899998, 1353.6886534690857, 1980, 1980000, 150.63339638400956, 1303, 1, [ 1.6 -0.3  2.8  1.4 -2.1  0.6 -0.7  0.3 -1.  -0.7 -0.3 -4.8  4.1  0.9   4.2 -1.6  0.8 -1.2]
94, 245.551367672, 1364.085278749466, 2000, 2000000, 138.03097446874537, 1353, 1, [ 0.5  1.   2.2  1.9 -1.8  0.3 -0.6  0.4 -0.8 -0.9 -0.2 -4.7  3.8  0.6   4.  -1.5  0.9 -1.1]
95, 247.99154775699998, 1374.5404703617096, 2020, 2020000, 142.60746524060082, 1353, 1, [ 1.8 -0.2  3.   1.6 -2.4  0.5 -0.7  0.2 -0.8 -0.8 -0.4 -4.8  4.3  0.9   4.3 -1.7  0.9 -1.1]
96, 250.340952873, 1380.6086521148682, 2040, 2040000, 61.31246149402892, 1353, 1, [-3.2  2.1 -4.6  3.9 -1.7  0.5  1.4 -2.3  0.8 -0.9 -2.  -3.7 -1.5  2.6  -0.4  3.2 -1.   0.3]
97, 252.72461722499997, 1399.9583365917206, 2060, 2060000, 144.32796752860995, 1353, 1, [ 1.4 -0.2  2.9  1.7 -2.   0.6 -0.7  0.3 -1.  -0.8 -0.3 -4.7  4.2  0.8   4.3 -1.7  0.9 -1.3]
98, 255.106303253, 1416.8252613544464, 2080, 2080000, 142.72808083790335, 1353, 1, [ 1.7 -0.2  3.   1.7 -2.   0.6 -0.6  0.4 -1.  -0.8 -0.4 -4.9  4.2  0.8   4.3 -1.7  0.9 -1.2]
99, 257.521740134, 1432.2022881507874, 2100, 2100000, 140.61361387651132, 1402, 1, [ 2.  -1.   3.   1.  -2.   0.5 -0.5  0.5 -1.5 -1.  -0.5 -4.   4.   0.8   3.5 -1.5  0.7 -1. ]
100, 259.90517763400004, 1445.2100322246552, 2120, 2120000, 133.18672974173734, 1402, 1, [ 0.   0.5 -1.   1.5 -2.   0.3 -0.8  0.2 -1.2 -0.7 -0.4 -4.8  3.9  0.7   4.2 -1.6  0.8 -1.1]
101, 262.264311701, 1455.9936554431915, 2140, 2140000, 133.34837866260824, 1402, 1, [ 2.  -1.   3.   0.5 -2.5  1.   4.   0.  -1.   1.5 -0.5 -5.   4.5  0.7   3.8 -1.2  1.  -0.8]
102, 264.910096055, 1467.6664535999298, 2160, 2160000, -0.2813213635004539, 1402, 1, [ 3.   1.5 -4.   2.  -3.5  0.5  4.  -1.  -5.   2.5 -2.   1.  -4.5 -0.5   3.5  1.2 -0.8  0.9]
103, 267.271417899, 1484.862640619278, 2180, 2180000, 135.8932722365357, 1402, 1, [ 2.3 -0.6  3.2  1.8 -1.9  0.6 -0.7  0.3 -1.1 -0.9 -0.3 -4.6  4.1  0.7   4.  -1.7  0.8 -1. ]
104, 269.688314853, 1500.4534685611725, 2200, 2200000, 129.6857319644593, 1402, 1, [ 2.5 -1.   4.   2.  -3.   0.8 -1.   0.5 -1.5 -1.  -0.7 -4.5  4.5  1.   4.5 -1.5  0.9 -1. ]
105, 272.06273079700003, 1516.634878873825, 2220, 2220000, 140.0335249184599, 1402, 1, [ 2.  -0.5  3.   1.5 -2.   0.5 -1.   0.2 -1.5 -0.8 -0.5 -4.8  4.2  0.8   4.5 -1.5  0.9 -1.1]
106, 274.48359675300003, 1533.5697441101074, 2240, 2240000, 152.0573389371448, 1402, 1, [ 2.  -0.5  3.5  1.  -2.   0.5 -1.   0.  -1.  -0.5 -0.4 -5.   4.   0.8   4.  -1.5  1.  -1. ]
107, 276.87964455400004, 1549.1887776851654, 2260, 2260000, -16.7153434682329, 1402, 1, [-4.7  2.2 -3.8  5.1 -5.5 -1.4  0.3 -4.1  1.  -2.6  3.4  4.  -0.9  2.9  -3.3  1.7 -5.2  3.6]
108, 279.241948923, 1561.6607537269592, 2280, 2280000, 124.75714487887126, 1353, 1, [ 0.5 -1.2  3.   0.9 -2.5  0.7 -0.8  0.4 -1.  -0.9 -0.6 -4.   4.3  0.6   4.4 -1.4  0.7 -1.1]
109, 281.60608199, 1577.8521122932434, 2300, 2300000, 146.71784005803138, 1353, 1, [ 1.2 -0.4  3.   1.3 -2.3  0.5 -0.8  0.2 -1.1 -0.7 -0.4 -4.8  4.   0.8   4.3 -1.8  0.9 -1.2]
110, 284.030843764, 1587.9360883235931, 2320, 2320000, -43.44027167281443, 1353, 1, [-5.2  4.7 -3.5  2.1  1.8 -0.9  0.5 -3.8 -2.6  0.2 -1.3  4.5 -0.7  3.9  -4.   1.  -2.1  0.6]
111, 286.39529489800003, 1597.164430141449, 2340, 2340000, 148.52077876476727, 1353, 1, [ 1.5 -0.3  3.   1.4 -2.   0.5 -0.8  0.2 -1.  -0.7 -0.4 -4.8  4.   0.8   4.2 -1.8  0.9 -1.1]
112, 288.767537828, 1608.9933185577393, 2360, 2360000, 147.9570241152067, 1402, 1, [ 1.4 -0.6  3.   1.2 -2.   0.5 -0.8  0.2 -1.  -0.6 -0.4 -4.7  4.   0.8   4.2 -1.7  0.9 -1.2]
113, 291.184846698, 1622.309823513031, 2380, 2380000, 146.39196091410486, 1402, 1, [ 2.  -0.5  3.   1.2 -2.2  0.5 -0.8  0.2 -1.  -0.7 -0.4 -5.   4.2  0.8   4.2 -1.6  0.9 -1.2]
114, 293.546651859, 1631.5592181682587, 2400, 2400000, 146.51438299439357, 1402, 1, [ 2.5 -0.4  3.2  1.  -2.   0.6 -0.9  0.3 -1.  -0.7 -0.4 -4.8  4.1  0.8   4.  -1.7  0.9 -1.2]
115, 295.921088536, 1657.1350989341736, 2420, 2420000, 133.8663605966087, 1402, 1, [ 2.8 -0.8  3.8  1.5 -2.2  0.6 -0.9  0.4 -1.1 -0.8 -0.4 -4.9  4.1  0.8   4.2 -1.7  0.9 -1.1]
116, 298.321125208, 1671.9062206745148, 2440, 2440000, 118.10018777578827, 1402, 1, [ 4.  -0.5  5.5  1.8 -3.   0.7 -1.   0.2 -1.5 -0.9 -0.6 -5.   5.   0.9   4.5 -2.   1.  -1.4]
117, 300.751918299, 1681.4459421634674, 2460, 2460000, 138.49099488461826, 1402, 1, [ 3.  -0.2  4.   1.5 -1.8  0.6 -0.6  0.4 -0.8 -0.6 -0.3 -4.5  4.5  0.9   4.3 -1.5  1.  -1.1]
118, 303.12234560900004, 1692.0274240970612, 2480, 2480000, 136.7353169308814, 1402, 1, [ 2.2 -0.6  3.9  1.3 -2.4  0.5 -0.9  0.2 -1.3 -0.8 -0.5 -4.9  4.8  0.8   4.7 -1.7  1.  -1.2]
119, 305.53883527600004, 1700.5676419734955, 2500, 2500000, 150.42846760128754, 1402, 1, [ 1.2 -0.5  2.7  1.3 -2.4  0.5 -0.8  0.2 -1.3 -0.9 -0.4 -4.8  4.   0.8   4.1 -1.8  0.9 -1.2]
120, 307.969743241, 1720.0555801391602, 2520, 2520000, 112.52363776700278, 1402, 1, [ 5.  -0.6  6.   2.  -1.5  0.8 -0.5  0.3 -1.  -0.6 -0.4 -4.7  5.   0.9   4.9 -1.8  0.9 -1.2]
121, 310.360263825, 1732.1550085544586, 2540, 2540000, 146.67502947008674, 1353, 1, [ 3.5  0.2  4.   1.5 -2.   0.5 -0.8  0.  -1.  -0.6 -0.4 -4.5  4.5  0.8   4.  -1.5  1.  -1. ]
122, 312.73588523200004, 1748.0881235599518, 2560, 2560000, 144.4196713626918, 1353, 1, [ 2.1 -0.5  3.6  1.1 -2.1  0.6 -1.1  0.1 -1.1 -0.6 -0.5 -5.1  4.1  0.9   4.1 -1.6  1.1 -1.1]
123, 315.129342361, 1770.0550062656403, 2580, 2580000, 143.69878581536136, 1353, 1, [ 1.5 -0.2  3.2  1.4 -2.6  0.6 -0.9  0.3 -1.1 -0.8 -0.4 -4.7  4.6  0.8   4.4 -1.7  0.8 -1.3]
124, 317.605075052, 1787.5146825313568, 2600, 2600000, 139.99101647640538, 1353, 1, [ 1.3 -0.3  3.   1.8 -2.4  0.5 -0.9  0.2 -1.1 -0.7 -0.4 -4.9  4.4  0.8   4.5 -1.7  1.  -1.2]
125, 320.01120024200003, 1802.6020307540894, 2620, 2620000, 130.38175437556828, 1402, 1, [ 4.  -0.6  5.2  1.  -3.   0.8 -1.2  0.2 -1.5 -0.7 -0.4 -5.   5.   1.   4.8 -1.6  1.  -1. ]
126, 322.429621504, 1814.8730630874634, 2640, 2640000, 138.58839565108786, 1402, 1, [ 3.2 -1.   4.   0.8 -2.5  0.7 -0.9  0.2 -1.4 -0.6 -0.3 -5.   4.8  0.9   4.2 -1.4  1.2 -1.1]
127, 324.89503535200004, 1824.9542334079742, 2660, 2660000, 132.68146214737732, 1402, 1, [ 3.5 -0.8  4.2  0.9 -1.7  0.6 -0.5  0.4 -0.9 -0.6 -0.3 -4.7  4.8  0.7   4.6 -1.4  1.  -1.2]
128, 327.277756324, 1838.637303352356, 2680, 2680000, 135.87918174040865, 1402, 1, [ 2.  -0.5  3.   1.5 -2.5  0.6 -0.8  0.3 -1.  -0.8 -0.4 -4.8  4.5  0.9   4.5 -1.6  0.9 -1.2]
129, 329.701202313, 1853.4119067192078, 2700, 2700000, 111.57729257403291, 1402, 1, [ 3.  -0.4  4.   2.  -4.   1.  -2.   0.5 -2.  -1.  -1.  -5.   5.   1.   5.  -2.   1.  -1. ]
130, 332.098967528, 1870.0922346115112, 2720, 2720000, 130.89445688225877, 1402, 1, [ 4.1 -0.2  4.7  1.3 -3.5  0.9 -1.4  0.4 -2.  -0.9 -0.6 -5.   5.   1.1   5.2 -2.   1.2 -0.8]
131, 334.984278121, 1881.7533111572266, 2740, 2740000, -79.62587246187789, 1402, 1, [ 5. -5.  5.  5. -5.  5.  5. -5.  5. -5.  5. -5.  5. -5.  5. -5.  5. -5.]
132, 337.39406349800004, 1900.4798772335052, 2760, 2760000, 134.24550323501467, 1402, 1, [ 3.  -0.5  4.   1.5 -1.5  0.7 -1.   0.3 -1.5 -0.6 -0.4 -4.5  4.5  0.8   4.5 -1.7  1.  -1. ]
133, 340.0505895, 1937.8310220241547, 2780, 2780000, 5.1053471103140176, 1402, 1, [ 2.3 -0.7 -1.5  3.1 -4.   1.4  0.6 -2.2  1.8 -3.3 -0.9  2.5 -5.   0.2   4.4 -1.1  0.7 -2.6]
134, 342.49977260400004, 1959.0564715862274, 2800, 2800000, 149.32971859117106, 1402, 1, [ 1.4 -0.6  3.1  1.2 -2.   0.5 -0.8  0.2 -1.  -0.8 -0.4 -4.8  4.1  0.8   4.2 -1.8  0.8 -1.3]
135, 344.940853649, 1969.8905193805695, 2820, 2820000, 126.89714859001572, 1402, 1, [ 2.7 -0.3  3.9  0.8 -2.5  0.6 -1.   0.2 -1.5 -0.7 -0.4 -5.   4.6  0.9   5.  -1.8  1.  -1.1]
136, 347.38259381, 1980.4022135734558, 2840, 2840000, 137.40944234688737, 1402, 1, [ 2.  -0.5  3.   1.5 -2.   0.6 -0.9  0.2 -1.  -0.7 -0.4 -5.   4.5  0.8   4.5 -1.5  1.  -1. ]
137, 350.117919282, 1989.7338960170746, 2860, 2860000, -28.25312499554005, 1402, 1, [-4.2  0.3  5.5 -1.1  2.4 -3.   0.9 -4.5 -5.   1.2  4.7 -2.2 -0.6  3.3  -1.8  5.   0.  -5.6]
138, 352.64391702300003, 2036.3804852962494, 2880, 2880000, 118.45642682671833, 1402, 1, [ 3.5 -0.6  4.   1.8 -2.8  0.6 -1.2  0.  -1.5 -1.  -0.6 -5.   4.8  0.9   4.9 -1.7  0.8 -1. ]
139, 355.17811288800004, 2044.5843002796173, 2900, 2900000, -252.85297273219186, 1402, 1, [-5.   4.   0.  -3.5  2.5  1.   3.  -2.   0.5  0.  -4.   2.   4.5 -1.5  -3.   1.5 -0.5  5. ]
140, 357.62072127600004, 2058.393863916397, 2920, 2920000, 0.9617254925990298, 1402, 1, [ 0.   1.  -1.   2.  -2.   0.5 -0.5  1.5 -3.   0.8 -4.  -1.   3.5 -0.7   2.5 -2.5  0.3 -0.9]
141, 360.063854966, 2073.935379743576, 2940, 2940000, 133.9662706200049, 1402, 1, [ 4.   0.5  4.   2.  -1.   1.  -0.5  0.5 -2.  -1.  -1.  -5.   5.   1.   5.  -2.   1.  -1. ]
142, 362.45459625, 2087.0430517196655, 2960, 2960000, 152.36572927505654, 1402, 1, [ 1.1 -0.5  2.6  1.2 -2.2  0.5 -0.8  0.2 -1.1 -0.7 -0.4 -4.8  4.   0.8   4.  -1.7  0.9 -1.2]
143, 364.875872995, 2100.3254573345184, 2980, 2980000, 135.92731571208185, 1402, 1, [ 2.3 -1.5  3.1  1.4 -2.7  0.6 -0.9  0.3 -1.  -0.8 -0.4 -4.5  4.2  0.8   4.3 -1.6  0.7 -1.1]
144, 367.382027271, 2115.3746333122253, 3000, 3000000, -84.54902549992205, 1353, 1, [ 2.5 -1.3  0.9 -2.   1.4 -0.6  3.2 -0.9 -1.7  2.1 -3.3  0.5  4.8 -2.6  -0.4  1.  -0.7  3.3]
145, 370.196623943, 2126.9291105270386, 3020, 3020000, -31.467321183028673, 1353, 1, [-5.3  2.4 -3.7  0.9  4.2 -1.1 -0.6  3.5 -4.   1.8 -2.9  0.7 -1.5 -0.2   5.6 -3.   2.  -4.5]
146, 372.596399182, 2143.593321323395, 3040, 3040000, 147.48113991642435, 1353, 1, [ 2.1 -0.6  3.   1.1 -2.1  0.6 -0.9  0.2 -1.1 -0.8 -0.5 -4.8  4.2  0.9   4.2 -1.7  0.8 -1.3]
147, 375.010654508, 2156.1923744678497, 3060, 3060000, 149.43013263039367, 1353, 1, [ 3.  -1.   2.   1.  -2.   0.5 -0.5  0.  -1.  -0.7 -0.3 -5.   4.   0.8   4.  -1.5  0.7 -1. ]
148, 377.480361486, 2167.4583687782288, 3080, 3080000, 139.60087600623626, 1402, 1, [ 1.  -0.3  3.   1.5 -2.   0.5 -1.   0.2 -1.5 -0.7 -0.4 -5.   4.5  1.   4.5 -1.5  1.  -1. ]
149, 379.620851617, 2173.7387025356293, 3100, 3100000, -5.384743902275749, 1402, 1, [0. 0. 0. 0. 0. 0. 0. 0. 0. 0. 0. 0. 0. 0. 0. 0. 0. 0.]
150, 382.140703697, 2182.149745464325, 3120, 3120000, -21.946475875271304, 1402, 1, [ 0.   1.2 -2.   3.4 -1.6  0.7  2.1 -0.3 -3.5  1.8 -4.2  2.5 -0.9  4.  -2.8 -1.4  0.5 -5. ]
151, 384.609934929, 2191.852236509323, 3140, 3140000, 140.43873022023934, 1402, 1, [ 4.  -0.5  3.2  1.3 -2.   0.4 -0.8  0.1 -1.  -0.7 -0.5 -4.8  4.5  0.9   4.3 -1.6  0.9 -1.1]
152, 387.022304613, 2202.2016599178314, 3160, 3160000, 151.91112526695787, 1402, 1, [ 2.3 -0.9  3.1  0.8 -1.8  0.7 -0.6  0.2 -0.9 -0.6 -0.5 -5.   3.8  0.9   3.9 -1.4  0.7 -1. ]
153, 389.451761513, 2214.8827254772186, 3180, 3180000, 142.8795213568158, 1402, 1, [ 1.1 -0.5  2.7  1.3 -2.1  0.6 -0.9  0.2 -1.4 -0.6 -0.4 -4.9  4.6  0.9   4.6 -1.4  0.8 -1.1]
154, 391.87293518800004, 2224.6318724155426, 3200, 3200000, 118.9900728120269, 1353, 1, [ 3.5 -0.7  3.9  1.5 -2.4  0.8 -1.   0.2 -1.3 -0.9 -0.6 -5.   4.8  1.   5.  -1.5  1.  -1. ]
155, 394.376048605, 2231.5849058628082, 3220, 3220000, 34.533801914087334, 1353, 1, [-4.   3.5 -3.   4.  -2.5  0.5 -1.5  1.  -2.   2.5 -3.5  4.5 -1.   3.  -4.   1.5  0.3 -2.5]
156, 397.226134549, 2238.8635601997375, 3240, 3240000, -23.56452217593563, 1353, 1, [ 0.   2.5 -3.1  0.6 -4.2  1.5 -0.7  2.9 -2.4 -1.1  3.3 -4.8  5.   0.2  -5.6  1.8 -0.9  3.4]
157, 399.631681502, 2249.3916504383087, 3260, 3260000, 3.3662537948522187, 1353, 1, [-3.   2.  -4.   3.5  1.  -1.5 -2.5  0.5 -3.5  1.5  2.5 -2.  -4.5  0.8   4.  -0.5 -1.   3. ]
158, 402.184336663, 2261.788934469223, 3280, 3280000, 125.82596646554259, 1402, 1, [ 2.   1.5  3.   1.8 -1.   0.2 -0.5  0.4 -0.8 -1.2 -0.3 -4.   4.5  0.6   5.  -1.   0.9 -0.7]
159, 404.83377299800003, 2271.711534500122, 3300, 3300000, -10.283711586889373, 1402, 1, [-5.6  4.2 -3.8  2.5 -1.2  0.9  1.4 -0.7  3.3 -2.1 -4.4  1.1 -2.9  3.1   0.5 -4.2  2.7 -3.6]
160, 407.632377569, 2286.5390181541443, 3320, 3320000, -23.1260379362749, 1402, 1, [-2.3  5.  -1.4  0.6 -3.2  2.1 -0.7 -4.4  1.9  0.2 -5.5  3.3 -0.8  4.7  -2.5 -1.1  6.  -3.8]
161, 410.166066827, 2298.851960659027, 3340, 3340000, 6.809713571176259, 1402, 1, [ 3.  -2.   4.  -1.   2.5 -3.5  1.  -0.5 -4.   0.5 -2.   3.5 -1.5  2.   4.5 -1.  -0.5  1.5]
162, 412.55543175, 2325.8934996128082, 3360, 3360000, -15.933777653895575, 1402, 1, [ 5.  -5.   4.5 -4.5  3.5 -3.5  2.5 -2.5 -4.   4.  -6.   6.  -4.   4.   0.  -0.1  0.5 -0.5]
163, 414.955114648, 2359.9114468097687, 3380, 3380000, 144.63367433150535, 1402, 1, [ 4.  -0.6  4.   1.  -1.   0.8 -0.4  0.4 -0.8 -1.  -0.2 -5.   4.   0.6   4.  -1.2  1.  -1. ]
164, 417.464649236, 2370.257199048996, 3400, 3400000, 142.65440290740844, 1402, 1, [ 3.5 -1.   4.   0.5 -2.5  0.7 -0.8  0.2 -1.5 -0.9 -0.6 -4.7  3.8  0.9   4.3 -1.6  1.  -1.4]
165, 419.83769758100004, 2379.7408361434937, 3420, 3420000, 151.6131832185048, 1402, 1, [ 2.5 -0.6  3.   1.1 -1.5  0.6 -0.7  0.4 -1.3 -0.6 -0.4 -4.8  4.2  0.8   4.  -1.5  0.9 -1.1]
166, 422.23803601000003, 2396.512908935547, 3440, 3440000, 152.15403547771655, 1402, 1, [ 0.5 -0.6  1.8  1.  -1.8  0.5 -0.7  0.2 -1.  -0.7 -0.4 -5.   3.5  0.6   4.  -2.   0.7 -1.2]
167, 424.616072185, 2412.203239440918, 3460, 3460000, 138.1583974015771, 1402, 1, [ 0.9 -1.1  2.4  1.5 -2.   0.5 -1.   0.2 -1.1 -0.9 -0.3 -5.   4.   0.8   3.9 -1.5  1.  -0.9]
168, 427.06366554100003, 2423.387300491333, 3480, 3480000, 152.78379143034346, 1353, 1, [ 3.  -0.3  3.2  0.9 -1.5  0.6 -0.7  0.3 -1.  -0.8 -0.4 -5.   4.   0.7   3.8 -1.4  0.9 -1. ]
169, 429.445568884, 2445.9974393844604, 3500, 3500000, 152.60967769587407, 1353, 1, [ 3.6 -0.4  3.8  0.8 -2.   0.6 -0.9  0.3 -1.2 -0.7 -0.4 -4.9  4.   0.8   4.1 -1.5  0.9 -1.2]
170, 431.841387171, 2464.0018475055695, 3520, 3520000, 144.60929491645408, 1303, 1, [ 2.  -0.8  3.   1.  -2.5  0.6 -1.   0.3 -1.5 -0.9 -0.4 -5.   4.   0.9   4.2 -1.4  1.  -1. ]
171, 434.276807754, 2473.473608016968, 3540, 3540000, 148.43426828419405, 1254, 1, [ 4.5 -0.6  3.9  0.8 -2.   0.7 -1.   0.3 -1.4 -0.7 -0.5 -4.8  4.2  0.9   4.  -1.6  0.9 -1.1]
172, 436.657396108, 2488.1216745376587, 3560, 3560000, 145.45988793286114, 1303, 1, [ 2.3 -1.5  4.2  0.7 -3.   0.9 -1.2  0.4 -0.9 -1.  -0.2 -4.5  3.8  0.6   3.5 -1.8  0.6 -1. ]
173, 439.077044458, 2498.842738389969, 3580, 3580000, 128.82670405784123, 1303, 1, [ 3.8  0.2  4.9  1.2 -2.8  0.4 -0.7  0.3 -1.7 -0.6 -0.4 -4.6  4.7  0.9   3.9 -1.5  0.9 -1. ]
174, 441.464865012, 2507.0405197143555, 3600, 3600000, 130.67860368377518, 1353, 1, [ 5.  -0.5  5.   0.5 -4.   0.8 -0.5  0.2 -1.  -0.7 -0.5 -4.9  5.   0.9   4.5 -1.5  0.9 -1. ]
175, 443.910778648, 2521.6888298988342, 3620, 3620000, 143.14788525492457, 1402, 1, [ 2.9 -0.7  4.3  1.4 -1.6  0.2 -0.5  0.5 -0.9 -0.8 -0.6 -4.7  3.7  0.8   4.6 -1.3  0.8 -1.1]
176, 446.291280933, 2537.2982592582703, 3640, 3640000, -11.013572857719947, 1402, 1, [ 5.   0.  -5.   5.  -5.   0.5  5.  -5.  -5.   5.  -5.   5.   5.  -5.   5.  -5.   0.   0. ]
177, 448.694323734, 2545.638387441635, 3660, 3660000, 124.84624436309821, 1402, 1, [ 4.  -1.   4.5  1.  -3.   0.5 -1.   0.4 -1.5 -1.  -0.3 -4.   4.8  0.9   4.2 -1.   0.8 -1.2]
178, 451.206506088, 2557.3660950660706, 3680, 3680000, 133.92473550477615, 1402, 1, [ 2.   0.   3.5  0.  -2.   0.5 -1.   0.2 -1.5 -0.7 -0.3 -4.5  4.2  0.7   4.  -1.5  0.8 -1. ]
179, 453.946132271, 2570.743490457535, 3700, 3700000, 26.71448870258997, 1402, 1, [ 0.5 -0.5  4.   0.8 -2.   0.6 -1.   0.3 -1.5 -0.7 -0.4 -4.5  4.5  0.8   4.  -1.4  0.9 -1.1]
180, 456.31800703, 2585.6008546352386, 3720, 3720000, 137.2521535169129, 1402, 1, [ 4.  -0.6  4.2  0.9 -2.   0.7 -1.   0.4 -1.  -0.9 -0.6 -4.8  4.5  0.9   4.8 -1.6  0.9 -1. ]
181, 459.15941153700004, 2645.994983434677, 3740, 3740000, 22.316225187666724, 1402, 1, [ 1.  -0.4  2.5  1.2 -2.3  0.4 -2.   2.  -1.2 -0.8 -0.5 -4.9  3.9  0.7   4.1 -1.9 -3.   3. ]
182, 461.52681693200003, 2656.6802530288696, 3760, 3760000, 143.6168787429333, 1402, 1, [ 3.7 -0.3  3.9  0.7 -1.9  0.7 -0.8  0.4 -1.3 -0.6 -0.3 -5.   4.2  0.8   4.2 -1.4  0.9 -1.1]
183, 463.89644352700003, 2685.848793745041, 3780, 3780000, 141.32350597044916, 1402, 1, [ 2.3 -0.7  3.1  1.4 -1.9  0.5 -0.8  0.2 -0.9 -0.6 -0.4 -5.   4.3  0.8   4.4 -1.8  1.  -1. ]
184, 466.280439935, 2697.7931118011475, 3800, 3800000, 103.99272264758989, 1402, 1, [-3.   1.1 -2.5  2.2 -4.   0.3 -0.8  0.9  3.5 -0.5 -1.2 -3.7 -2.9  0.6  -1.5  2.3  0.4 -0.7]
185, 468.717292134, 2709.0386407375336, 3820, 3820000, 139.4464445115766, 1402, 1, [ 4.5 -0.6  4.5  0.8 -2.5  0.6 -1.2  0.3 -1.5 -0.7 -0.5 -5.   4.8  0.8   4.8 -1.8  1.  -0.8]
186, 471.104723895, 2721.40202832222, 3840, 3840000, 148.47861633003419, 1402, 1, [ 1.5 -0.5  2.7  1.3 -2.1  0.6 -0.8  0.2 -1.1 -0.7 -0.4 -5.   4.   0.8   4.  -1.7  0.9 -1.2]
187, 473.521751116, 2734.455602169037, 3860, 3860000, 149.86182770888837, 1402, 1, [ 4.2 -0.7  3.   0.5 -1.9  0.6 -0.8  0.3 -1.4 -0.6 -0.3 -4.9  4.6  0.7   4.  -1.6  0.9 -1.1]
188, 475.99046833200003, 2743.4620220661163, 3880, 3880000, 135.78297809505537, 1402, 1, [ 2.5 -0.5  3.   1.8 -1.5  0.7 -0.9  0.2 -1.  -0.6 -0.3 -4.5  4.   0.6   4.2 -1.4  1.  -1. ]
189, 478.385864914, 2754.693325281143, 3900, 3900000, 142.62872087617484, 1402, 1, [ 4.  -0.6  4.   1.  -3.   0.5 -0.8  0.2 -1.5 -0.8 -0.3 -5.   4.5  0.9   4.5 -1.4  1.  -1. ]
190, 480.799434146, 2775.022894859314, 3920, 3920000, 142.33198030151834, 1402, 1, [ 4.  -0.2  4.   1.  -3.   0.7 -1.   0.3 -1.5 -0.7 -0.4 -4.9  4.8  0.8   4.8 -1.8  1.  -0.8]
191, 483.265981432, 2795.0546650886536, 3940, 3940000, 155.0446817988434, 1402, 1, [ 3.8 -0.4  3.8  0.8 -2.   0.6 -0.9  0.3 -1.2 -0.7 -0.4 -3.5  4.   0.8   4.  -1.5  1.   1. ]
192, 485.76002766700003, 2827.2457115650177, 3960, 3960000, 146.44072043252874, 1402, 1, [ 4.  -0.5  4.5  0.7 -2.5  0.8  5.  -1.  -1.5 -0.8 -0.5 -4.   4.2  0.9   3.9 -1.4  1.   0. ]
193, 488.25224633600004, 2838.663726568222, 3980, 3980000, 68.15493755504062, 1353, 1, [ 5.   0.   5.   0.5 -5.   0.  -5.   0.5 -5.   0.  -5.   0.   5.   0.5   5.   0.   0.5 -0.5]
194, 490.71211330200003, 2849.1634805202484, 4000, 4000000, 143.72129720920898, 1353, 1, [ 2.4 -0.6  2.8  0.9 -1.6  0.7 -0.8  0.4 -1.3 -0.6 -0.3 -4.   3.5  0.9   4.2 -1.3  0.8 -1.1]
195, 493.201622056, 2860.566856622696, 4020, 4020000, 134.38611650629824, 1353, 1, [ 5.5 -0.5  5.5  0.5 -2.   0.7 -1.   0.3 -1.  -0.8 -0.4 -4.   5.   0.8   5.  -1.5  1.  -0.8]
196, 495.644503325, 2876.8007776737213, 4040, 4040000, -33.073904697339216, 1353, 1, [ 6.  -6.   5.5 -5.5  5.  -5.  -6.   6.  -5.5  5.5  5.  -5.  -6.   6.   5.5 -5.5  0.   0. ]
197, 498.073262456, 2899.364559650421, 4060, 4060000, 132.90452768437422, 1402, 1, [ 4.3 -0.6  4.1  1.1 -1.8  0.7 -0.8  0.2 -1.  -0.6 -0.5 -4.2  4.5  0.9   4.4 -1.4  1.   0.8]
198, 500.56820979900004, 2914.5282514095306, 4080, 4080000, 153.6866284891584, 1402, 1, [ 4.  -0.3  4.   0.9 -1.8  0.7 -0.8  0.4 -1.1 -0.6 -0.3 -4.   4.2  0.9   4.2 -1.4  0.9  0.9]
199, 503.006206553, 2931.741329431534, 4100, 4100000, 136.91333140914202, 1402, 1, [ 4.2 -0.5  4.8  1.  -1.9  0.8 -0.9  0.2 -1.1 -0.7 -0.4 -4.5  4.7  0.9   4.8 -1.7  0.9 -1. ]
200, 505.39523239700003, 2942.2698266506195, 4120, 4120000, -12.886936791570449, 1353, 1, [ 6.  6. -6. -6.  6. -6.  6. -6.  6. -6.  6. -6.  6. -6.  6. -6.  6. -6.]
201, 507.864626767, 2950.0622324943542, 4140, 4140000, 149.24539906280188, 1375, 2, [ 2.5 -1.   3.   0.5 -1.5  0.7 -0.8  0.2 -1.  -0.6 -0.4 -4.   4.   0.9   4.  -1.5  0.9 -0.9]
202, 510.309896439, 2957.9994311332703, 4160, 4160000, 145.72581068759115, 1353, 1, [ 4.   0.   4.5  1.2 -1.5  0.8 -0.8  0.4 -1.  -0.6 -0.5 -4.2  4.6  1.   4.7 -1.3  1.   0.9]
203, 512.7501331379999, 2968.441905975342, 4180, 4180000, 121.10907903933625, 1353, 1, [ 5.2 -0.6  5.5  1.  -1.   0.8 -0.7  0.4 -0.8 -0.6 -0.4 -4.   5.   0.9   4.9 -1.4  1.   0.8]
204, 515.619761909, 2996.6265366077423, 4200, 4200000, -39.82261483555571, 1402, 1, [-4.   1.   5.  -1.5 -0.5  0.5 -1.   2.   2.5 -0.5 -0.3 -3.5  3.5  1.  -4.   0.5  0.5  0.9]
205, 518.1244796039999, 3007.7574784755707, 4220, 4220000, 152.85962991340244, 1402, 1, [ 4.  -0.2  4.   1.  -2.   0.5 -0.8  0.4 -1.  -0.6 -0.4 -4.   4.2  0.8   4.3 -1.3  0.8  1. ]
206, 520.501895165, 3020.7701799869537, 4240, 4240000, 151.14955514408274, 1402, 1, [ 2.  -0.5  3.5  0.8 -2.5  0.4 -0.7  0.2 -1.5 -0.4 -0.3 -3.8  4.5  0.9   4.  -1.2  0.8 -0.7]
207, 522.894734901, 3045.1770763397217, 4260, 4260000, 135.4852548538718, 1353, 1, [ 3.6 -0.5  3.6  0.9 -2.1  0.7 -0.8  0.4 -1.1 -0.6 -0.4 -3.8  4.8  0.9   4.5 -1.4  1.   0.8]
208, 525.6413111859999, 3053.662103176117, 4280, 4280000, 7.703060112793915, 1353, 1, [-5.3  0.2 -4.8  1.4 -3.6  0.9  2.1 -1.2 -0.5  3.1 -2.4 -1.5  4.5 -0.7   0.   1.3 -0.8  2.6]
209, 528.0208475659999, 3067.131833791733, 4300, 4300000, 139.4390568931877, 1353, 1, [ 3.9 -0.5  3.9  0.9 -2.1  0.7 -0.9  0.4 -1.1 -0.6 -0.3 -3.4  4.1  0.9   4.1 -1.4  1.1  0.9]
210, 530.6886630849999, 3084.1265547275543, 4320, 4320000, -14.16996688937158, 1353, 1, [ 5.  -2.5 -4.5  3.3 -1.1  0.9 -0.4  2.7  1.5 -3.2  4.2 -0.8 -3.   2.1  -5.   1.4 -1.   3.8]
211, 532.8209452169999, 3095.1081743240356, 4340, 4340000, 2.0859161184705255, 1402, 1, [0. 0. 0. 0. 0. 0. 0. 0. 0. 0. 0. 0. 0. 0. 0. 0. 0. 0.]
212, 535.685381048, 3115.5550389289856, 4360, 4360000, -46.856967035358466, 1402, 1, [ 5.  0.  5.  0. -5.  0. -5.  0. -5.  0. -5.  0.  5.  0.  5.  0.  0.  0.]
213, 538.075489179, 3122.926679611206, 4380, 4380000, 142.40845049804022, 1402, 1, [ 3.6 -0.4  3.6  1.  -2.   0.8 -0.8  0.3 -1.  -0.6 -0.4 -3.8  4.   0.9   4.  -1.3  0.9  0.8]
214, 540.4602613889999, 3135.1367490291595, 4400, 4400000, 135.9286160774581, 1402, 1, [ 4.  -0.5  4.   1.  -2.1  0.7 -0.8  0.4 -1.1 -0.6 -0.4 -3.5  4.2  0.9   4.2 -1.4  1.2  1. ]
215, 542.86237976, 3145.938594341278, 4420, 4420000, 158.59399791886244, 1402, 1, [ 4.5 -0.5  4.5  0.5 -1.5  0.7 -0.8  0.4 -1.  -0.6 -0.4 -4.   4.   0.9   4.  -1.2  1.   1. ]
216, 545.306268736, 3155.7299342155457, 4440, 4440000, 145.7150158594242, 1402, 1, [ 4.7 -0.6  4.7  0.6 -1.3  0.8 -0.9  0.5 -0.8 -0.7 -0.3 -3.8  4.4  1.   4.4 -1.1  1.1  0.9]
217, 547.644514545, 3175.6535036563873, 4460, 4460000, 40.19462651411313, 1353, 1, [ 4.8  0.2  4.8  0.2 -1.  -0.5  0.5  0.3 -1.  -0.4 -0.5 -3.8  4.8  0.8   4.8 -1.   1.   1. ]
218, 550.024071929, 3198.778466463089, 4480, 4480000, 149.36237234604437, 1353, 1, [ 4.6 -0.4  4.6  0.9 -1.5  0.7 -0.8  0.4 -1.  -0.6 -0.4 -3.9  4.3  0.9   4.2 -1.3  0.9  0.9]
219, 552.366798056, 3212.23566365242, 4500, 4500000, 136.30816925435772, 1353, 1, [ 5.  -1.   5.   0.5 -2.   0.8 -1.   0.6 -1.5 -0.7 -0.5 -4.5  5.   1.   5.  -1.5  2.   2. ]
220, 554.785085454, 3225.7288858890533, 4520, 4520000, 142.8226668274088, 1353, 1, [ 4.8 -0.3  4.8  0.4 -1.2  0.6 -0.9  0.5 -0.9 -0.5 -0.4 -3.7  4.5  0.9   4.5 -1.2  1.   0.8]
221, 557.52545545, 3239.800048828125, 4540, 4540000, -16.954446674610296, 1402, 1, [ 0.1 -0.1  0.1 -0.1  0.1 -0.1  0.1 -0.1  0.1 -0.1  0.1 -0.1  0.1 -0.1   0.1 -0.1  0.1 -0.1]
222, 559.8858323239999, 3247.253779888153, 4560, 4560000, 142.78607321886585, 1402, 1, [ 4.7 -0.5  4.7  0.6 -1.8  0.6 -0.9  0.3 -1.2 -0.7 -0.5 -4.2  4.9  0.8   4.9 -1.4  1.1  0.9]
223, 562.331103228, 3276.9336009025574, 4580, 4580000, 156.00956913356822, 1402, 1, [ 4.6 -0.4  4.6  0.6 -1.4  0.8 -0.8  0.4 -1.  -0.6 -0.3 -3.9  4.2  0.9   4.1 -1.4  0.8  0.9]
224, 564.6744646559999, 3301.831749677658, 4600, 4600000, 138.36940515757115, 1402, 1, [ 5.  -0.5  5.   0.6 -1.8  0.7 -0.9  0.4 -1.2 -0.6 -0.4 -4.8  4.9  0.9   4.8 -1.4  1.9  1.8]
225, 567.0092973999999, 3314.981608390808, 4620, 4620000, 48.33375854346601, 1353, 1, [-4.5  1.2 -4.4  2.  -3.  -0.8  0.3 -1.1  3.   0.5 -2.   4.  -3.5  2.1  -4.8 -0.2  2.5 -1.3]
226, 569.378534944, 3329.994996547699, 4640, 4640000, 144.2529037483723, 1353, 1, [ 4.9 -0.3  4.9  0.7 -1.6  0.9 -0.7  0.5 -1.3 -0.7 -0.4 -4.5  4.8  1.   4.7 -1.3  1.   1. ]
227, 571.801735969, 3338.6654992103577, 4660, 4660000, 138.81671349695733, 1353, 1, [ 4.8 -0.6  4.8  0.7 -1.7  0.8 -0.8  0.5 -1.1 -0.5 -0.3 -4.1  4.7  0.8   4.7 -1.3  1.   1. ]
228, 574.147599917, 3347.567766427994, 4680, 4680000, 151.1454335847708, 1353, 1, [ 2.5  0.   2.5  0.5 -1.   0.6 -0.5  0.3 -0.8 -0.4 -0.3 -3.5  3.5  0.8   3.5 -1.   1.2  0.9]
229, 576.496333983, 3364.4617133140564, 4700, 4700000, 116.11206393204232, 1402, 1, [ 5.  -1.   5.   1.  -2.   1.  -1.   0.5 -1.  -0.8 -0.5 -5.   5.   1.   5.  -1.5  2.   1.5]
230, 578.857070464, 3376.8184571266174, 4720, 4720000, 130.51640466713187, 1402, 1, [ 4.7 -0.6  4.7  0.8 -1.6  0.9 -0.8  0.5 -1.2 -0.7 -0.4 -4.1  4.8  0.9   4.8 -1.4  1.   1. ]
231, 581.2969659319999, 3394.512144804001, 4740, 4740000, 138.55953556610814, 1402, 1, [ 5.  -0.2  5.   0.8 -1.2  0.9 -0.7  0.6 -1.  -0.5 -0.3 -4.5  5.   1.   5.  -1.3  1.   1. ]
232, 583.6604572609999, 3415.3555204868317, 4760, 4760000, 155.13868885117319, 1402, 1, [ 4.4 -0.4  4.4  0.6 -1.4  0.7 -0.9  0.3 -1.1 -0.7 -0.3 -3.8  4.3  0.9   4.3 -1.3  0.9  0.8]
233, 586.00437109, 3428.9566066265106, 4780, 4780000, 124.39914480080354, 1402, 1, [ 5.  -0.8  5.   0.9 -1.2  0.8 -0.7  0.5 -1.  -0.6 -0.4 -4.5  5.   0.9   5.  -1.3  1.5  1. ]
234, 588.357858515, 3454.234850168228, 4800, 4800000, 154.86564055227137, 1353, 1, [ 4.6 -0.4  4.6  0.6 -1.4  0.8 -0.8  0.4 -1.  -0.6 -0.3 -3.9  4.2  0.9   4.1 -1.4  1.   0.9]
235, 590.7726901569999, 3465.1355516910553, 4820, 4820000, 133.4556228628861, 1353, 1, [ 4.8 -0.5  4.8  0.9 -1.3  0.8 -0.7  0.4 -1.1 -0.6 -0.4 -4.2  4.9  0.8   4.9 -1.3  1.2  1. ]
236, 593.1240945999999, 3478.000985145569, 4840, 4840000, 140.51238260876704, 1303, 1, [ 4.7 -0.6  4.7  0.7 -1.4  0.8 -0.9  0.5 -1.2 -0.6 -0.3 -3.9  4.5  0.9   4.5 -1.4  1.   0.9]
237, 595.5069382309999, 3498.4562170505524, 4860, 4860000, -44.44753133714733, 1303, 1, [-5.   5.  -5.   5.   1.5 -0.7  0.8 -0.4  1.   0.6  0.3  3.9 -4.2 -0.9  -4.3  1.4 -1.5 -0.9]
238, 598.2195198339999, 3512.3728473186493, 4880, 4880000, 7.313655772004059, 1353, 1, [2. 2. 2. 2. 2. 2. 2. 2. 2. 2. 2. 2. 2. 2. 2. 2. 2. 2.]
239, 600.6331688539999, 3533.1452374458313, 4900, 4900000, 116.45023950089231, 1353, 1, [ 5.  -1.   5.   1.  -1.5  1.  -1.   0.6 -1.4 -0.8 -0.5 -4.   5.   1.   5.  -1.5  1.3  0.7]
240, 603.094580844, 3549.5650322437286, 4920, 4920000, 14.280282356015482, 1402, 1, [ 5.5 -5.5  5.5  4.5 -2.5  3.  -3.   2.   4.  -4.  -1.5 -5.   5.   4.5   5.5 -2.   0.5 -0.5]
241, 605.507917681, 3560.031417608261, 4940, 4940000, 130.30814700961406, 1402, 1, [ 4.9 -0.7  4.9  0.8 -1.6  0.9 -0.7  0.6 -1.3 -0.5 -0.2 -4.1  4.7  0.9   4.7 -1.3  1.1  0.8]
242, 608.1862193579999, 3580.2273721694946, 4960, 4960000, 12.90969242658023, 1402, 1, [ 5.8 -4.2  5.8  3.6 -1.2  2.4 -3.   1.8  4.6 -2.6 -4.8  5.  -5.   2.2   3.4 -3.4  1.6 -0.8]
243, 610.618702453, 3600.060277938843, 4980, 4980000, 150.89317357678075, 1402, 1, [ 4.6 -0.5  4.6  0.6 -1.4  0.8 -0.9  0.5 -1.  -0.6 -0.3 -4.   4.5  1.   4.5 -1.3  0.9  0.8]
244, 612.994674254, 3627.3863961696625, 5000, 5000000, 149.48313550545822, 1402, 1, [ 5.2 -0.6  4.8  0.7 -1.2  0.6 -0.7  0.4 -1.3 -0.4 -0.2 -3.5  4.6  1.   4.4 -1.4  1.1  0.9]
245, 615.389359645, 3635.7005984783173, 5020, 5020000, 142.01884262079028, 1402, 1, [ 4.7 -0.6  4.7  0.7 -1.4  0.8 -0.8  0.5 -1.  -0.7 -0.3 -4.   4.4  0.9   4.4 -1.3  1.   0.9]
246, 617.892900665, 3652.773533344269, 5040, 5040000, 134.96622146183304, 1402, 1, [ 4.7 -0.6  4.7  0.9 -1.6  0.8 -0.9  0.5 -1.2 -0.6 -0.4 -4.   4.5  0.9   4.5 -1.6  1.2  1. ]
247, 620.281597006, 3673.02418923378, 5060, 5060000, 141.11490585001496, 1402, 1, [ 5.  -0.4  5.   0.6 -1.4  0.8 -0.8  0.5 -1.  -0.5 -0.3 -3.8  5.   1.   5.  -1.1  1.2  0.9]
248, 622.6763293829999, 3688.8180646896362, 5080, 5080000, 117.27848937540855, 1402, 1, [ 5.5  1.   5.5  1.  -0.5  0.5 -0.5  0.5 -0.5 -0.5 -0.2 -3.   5.   1.   5.  -1.   1.   0.8]
249, 625.057171842, 3716.908689260483, 5100, 5100000, 134.10974996976293, 1402, 1, [ 4.8 -0.7  4.8  0.8 -1.3  0.8 -0.8  0.5 -1.1 -0.6 -0.3 -3.9  4.4  0.9   4.4 -1.4  1.1  0.9]
250, 627.8110291549999, 3729.590553045273, 5120, 5120000, -23.05271052228888, 1402, 1, [ 1.2 -2.4  3.3 -0.7  0.5  1.8 -4.1  2.6 -1.5  0.   3.9 -2.8 -0.3  4.2  -5.   1.5 -0.6  2.1]
251, 630.214457853, 3758.010129213333, 5140, 5140000, 145.27163680653504, 1402, 1, [ 4.8 -0.5  4.8  0.7 -1.8  0.8 -1.   0.4 -1.3 -0.6 -0.4 -4.   4.5  0.9   4.5 -1.4  1.3  1. ]
252, 632.599195982, 3774.7570855617523, 5160, 5160000, 121.21338488129076, 1402, 1, [ 5.8 -0.8  5.8  0.7 -1.2  0.9 -0.9  0.3 -1.  -0.7 -0.2 -4.   5.2  1.   5.  -1.3  1.1  0.8]
253, 634.985962987, 3789.7542564868927, 5180, 5180000, -22.32724632887504, 1402, 1, [ 6. -6. -6.  6.  0.  0.  6. -6.  0.  6. -6.  0. -6.  6.  0. -6.  6. -6.]
254, 637.4195536579999, 3803.278477668762, 5200, 5200000, 141.45131318848217, 1402, 1, [ 4.7 -0.6  4.7  0.7 -1.4  0.8 -0.9  0.5 -1.  -0.6 -0.3 -4.   4.6  0.9   4.6 -1.3  1.2  1. ]
255, 639.7950925, 3813.270171880722, 5220, 5220000, 140.0952683710956, 1402, 1, [ 5.  -0.3  5.   0.8 -1.   0.9 -0.8  0.5 -0.9 -0.5 -0.2 -4.2  5.   0.9   5.  -1.2  1.   1. ]
256, 642.1518606589999, 3825.3097496032715, 5240, 5240000, 139.98238126801635, 1402, 1, [ 4.9 -0.4  4.9  0.8 -1.6  0.8 -0.9  0.4 -1.2 -0.6 -0.4 -4.   4.8  0.9   4.8 -1.4  1.2  0.9]
257, 644.572873388, 3835.3975045681, 5260, 5260000, 132.12391941262692, 1402, 1, [ 5.  -0.2  5.   0.9 -1.8  1.  -1.   0.5 -1.  -0.5 -0.1 -4.5  5.5  1.   5.5 -1.5  1.3  0.9]
258, 646.963409867, 3852.0866882801056, 5280, 5280000, 150.03432395415044, 1402, 1, [ 4.7 -0.6  4.6  0.6 -1.4  0.8 -0.8  0.4 -1.  -0.5 -0.3 -3.9  4.2  0.9   4.2 -1.4  1.1  0.9]
259, 649.361114481, 3874.4660754203796, 5300, 5300000, 139.53589383049916, 1402, 1, [ 4.8 -0.6  4.8  0.7 -1.6  0.8 -0.9  0.5 -1.2 -0.7 -0.5 -3.9  4.8  1.   4.8 -1.4  1.2  1.1]
260, 651.750295713, 3895.870908975601, 5320, 5320000, 128.53446827223152, 1402, 1, [ 4.3 -0.7  4.2  0.7 -1.7  0.5 -0.7  0.2 -0.8 -0.4 -0.1 -4.   4.5  0.2   4.5 -1.1  1.1  0.7]
261, 654.2002226479999, 3916.9465131759644, 5340, 5340000, 140.1459609531708, 1402, 1, [ 4.4 -0.6  4.4  0.7 -1.3  0.9 -0.8  0.5 -1.2 -0.6 -0.3 -3.8  4.1  0.8   4.1 -1.4  1.   0.9]
262, 656.802194498, 3944.10392165184, 5360, 5360000, -49.80170432715947, 1402, 1, [ 2.   0.5  2.  -0.5  0.  -0.5  1.   0.5  0.   0.5  0.5  0.   1.5 -0.5   1.5  0.   0.   0. ]
263, 659.2001098149999, 3969.166417837143, 5380, 5380000, 131.57258900673904, 1402, 1, [ 4.9 -0.6  4.9  0.8 -1.7  0.8 -0.8  0.5 -1.1 -0.6 -0.4 -3.9  4.9  0.9   4.9 -1.4  1.2  1. ]
264, 661.58854978, 3990.4173998832703, 5400, 5400000, 143.87907996584454, 1402, 1, [ 4.7 -0.5  4.7  0.6 -1.6  0.8 -0.8  0.4 -1.1 -0.7 -0.3 -4.   4.7  0.8   4.7 -1.3  1.1  1. ]
265, 664.039887273, 4000.9981887340546, 5420, 5420000, 141.0957207619514, 1402, 1, [ 5.  -0.3  5.   0.7 -1.2  0.8 -0.9  0.3 -1.  -0.5 -0.4 -4.   5.   0.9   5.  -1.3  1.   0.8]
266, 666.416427562, 4018.9561171531677, 5440, 5440000, 153.38138568693168, 1402, 1, [ 4.5 -0.5  4.5  0.6 -1.4  0.8 -0.8  0.5 -1.  -0.5 -0.3 -3.8  4.1  0.9   4.1 -1.4  1.   1. ]
267, 668.7937334679999, 4032.416520357132, 5460, 5460000, 122.27623697896854, 1402, 1, [ 5.5 -0.6  5.5  0.8 -2.   0.9 -1.   0.3 -1.2 -0.7 -0.5 -4.5  5.5  1.   5.5 -1.5  1.2  0.9]
268, 671.2173367859999, 4050.1740992069244, 5480, 5480000, 152.01571369949664, 1402, 1, [ 4.8 -0.3  4.8  0.7 -1.3  0.9 -0.7  0.5 -0.9 -0.5 -0.2 -3.8  4.3  1.   4.2 -1.3  1.   1. ]
269, 673.5874008979999, 4069.9356591701508, 5500, 5500000, 128.71142311552617, 1402, 1, [ 6.   0.   6.   1.  -1.   0.9 -0.5  0.2 -0.9 -0.4 -0.2 -3.5  5.5  0.9   5.5 -1.4  1.   1. ]
270, 676.020509011, 4088.9527225494385, 5520, 5520000, 149.88593384401327, 1402, 1, [ 4.6 -0.6  4.6  0.6 -1.4  0.8 -0.9  0.5 -1.1 -0.6 -0.3 -4.1  4.4  0.9   4.2 -1.3  1.1  1. ]
271, 678.401429808, 4102.468840837479, 5540, 5540000, 142.8464295765385, 1402, 1, [ 4.7 -0.4  4.7  0.7 -1.4  0.9 -0.8  0.5 -1.  -0.6 -0.3 -4.   4.8  0.9   4.8 -1.3  1.   1. ]
272, 680.825309166, 4114.387810707092, 5560, 5560000, 151.92399333449734, 1402, 1, [ 4.  -0.6  4.   0.4 -1.6  0.8 -0.9  0.3 -1.1 -0.7 -0.4 -4.   4.5  0.8   4.2 -1.2  0.9  0.8]
273, 683.201116341, 4129.406587123871, 5580, 5580000, 149.35338172552417, 1402, 1, [ 4.9 -0.3  4.9  0.8 -1.3  0.9 -0.7  0.5 -0.9 -0.5 -0.2 -3.8  4.4  1.   4.3 -1.2  1.1  1. ]
274, 685.5914501589999, 4139.096568822861, 5600, 5600000, 136.09854978354144, 1402, 1, [ 4.8 -0.6  4.8  0.8 -1.6  0.9 -0.9  0.5 -1.2 -0.6 -0.3 -4.2  4.9  1.   4.9 -1.4  1.1  1.1]
275, 688.2943161979999, 4150.554480075836, 5620, 5620000, -16.651076495086794, 1402, 1, [-4.   2.  -3.5  1.5 -2.5 -0.5  3.  -1.   0.5  3.5 -1.5  2.5 -4.5  0.   1.  -2.  -1.   4. ]
276, 690.773257661, 4162.373026847839, 5640, 5640000, 139.34020214535974, 1402, 1, [ 5.  -0.3  5.   0.8 -1.2  0.8 -0.8  0.5 -1.  -0.5 -0.3 -4.   5.   0.9   5.  -1.3  1.   1. ]
277, 693.1908961409999, 4181.757017612457, 5660, 5660000, 118.84766358896138, 1402, 1, [ 6.  -0.5  6.   1.  -1.5  1.  -0.8  0.5 -1.  -0.6 -0.3 -4.   5.   1.   5.  -1.3  1.   1. ]
278, 695.788030252, 4193.735798597336, 5680, 5680000, -208.74528398441853, 1402, 1, [-5.   0.  -5.   0.   5.   0.  -5.   0.   5.   0.  -5.   0.   5.   0.  -5.   0.   0.5 -0.5]
279, 698.1790215149999, 4209.294810295105, 5700, 5700000, 139.505803180429, 1402, 1, [ 4.3 -0.7  4.3  0.7 -1.4  0.8 -0.7  0.5 -1.1 -0.7 -0.3 -3.9  4.2  0.8   4.2 -1.3  1.   1. ]
280, 700.6247502819999, 4221.103717803955, 5720, 5720000, 146.03493209329332, 1402, 1, [ 4.7 -0.6  4.7  0.7 -1.6  0.8 -0.9  0.5 -1.2 -0.7 -0.4 -4.1  4.5  1.   4.4 -1.4  1.1  1.1]
281, 703.0074059689999, 4243.089880466461, 5740, 5740000, 147.1918707765553, 1402, 1, [ 4.8 -0.5  4.8  0.6 -1.4  0.8 -0.8  0.5 -1.  -0.6 -0.3 -4.   4.5  0.9   4.5 -1.3  1.   1. ]
282, 705.405284255, 4252.944911003113, 5760, 5760000, 144.45752079377593, 1402, 1, [ 5.2 -0.3  5.1  0.8 -1.6  0.9 -0.9  0.4 -1.2 -0.5 -0.2 -3.7  4.6  0.9   4.4 -1.5  1.2  1. ]
283, 707.853704131, 4289.796187639236, 5780, 5780000, 143.56036950947544, 1402, 1, [ 4.7 -0.6  4.7  0.7 -1.6  0.8 -0.9  0.5 -1.2 -0.7 -0.4 -4.1  4.6  0.9   4.5 -1.4  1.   1. ]
284, 710.230018214, 4298.003058433533, 5800, 5800000, 151.6225512874271, 1402, 1, [ 4.4 -0.3  4.5  0.7 -1.6  0.8 -0.9  0.4 -1.  -0.5 -0.3 -3.8  4.3  0.9   4.2 -1.3  1.   1. ]
285, 712.606393286, 4313.026569604874, 5820, 5820000, 143.67113833601354, 1402, 1, [ 4.7 -0.5  4.8  0.8 -1.4  0.9 -0.7  0.4 -1.  -0.6 -0.3 -4.   4.6  1.   4.5 -1.3  1.   1.1]
286, 715.01823941, 4324.985954999924, 5840, 5840000, 142.4833979262588, 1402, 1, [ 5.  -0.4  5.1  0.7 -1.3  0.8 -0.7  0.4 -0.9 -0.6 -0.3 -3.9  4.8  1.   4.8 -1.2  1.1  1. ]
287, 717.505012319, 4351.014901638031, 5860, 5860000, 146.48567616608005, 1402, 1, [ 5.  -0.3  5.   0.7 -1.8  0.6 -0.6  0.5 -1.4 -0.6 -0.2 -4.   4.8  1.   4.6 -1.4  1.   1. ]
288, 719.902466056, 4363.519585609436, 5880, 5880000, 146.32532675672564, 1402, 1, [ 4.8 -0.2  4.9  0.9 -1.2  0.6 -0.7  0.3 -0.9 -0.8 -0.2 -3.8  4.9  1.   4.7 -1.   1.2  0.9]
289, 722.289513327, 4377.602822303772, 5900, 5900000, 126.8429532162143, 1402, 1, [ 5.  -0.5  5.   0.9 -1.   0.8 -0.5  0.5 -0.8 -0.5 -0.2 -3.5  5.   1.   4.8 -1.   1.2  1. ]
290, 724.689280866, 4391.891704559326, 5920, 5920000, 130.8343608832019, 1402, 1, [ 4.8 -0.6  4.9  1.  -2.   0.8 -0.5  0.4 -1.5 -0.6 -0.3 -4.   4.7  0.9   4.6 -1.4  1.2  1.2]
291, 727.1571371599999, 4426.240386247635, 5940, 5940000, 108.47641363696502, 1402, 1, [ 5.5 -0.4  5.5  1.  -1.3  1.  -0.8  0.8 -1.  -0.5 -0.3 -3.5  5.5  1.   5.5 -1.   1.   1.2]
292, 729.579676373, 4443.6420545578, 5960, 5960000, 161.2562186098317, 1402, 1, [ 3.  -0.3  3.   0.5 -1.2  0.6 -0.7  0.3 -1.5 -0.7 -0.4 -3.7  3.8  0.8   3.9 -1.3  0.9  0.8]
293, 732.045182437, 4460.672698974609, 5980, 5980000, 145.45756541286056, 1402, 1, [ 5.  -0.5  5.   0.6 -1.   0.8 -0.8  0.5 -1.3 -0.8 -0.3 -3.5  4.   0.9   5.  -1.1  1.   0.9]
294, 734.5428980739999, 4470.783585309982, 6000, 6000000, 125.41515842119297, 1353, 1, [ 5.  -0.4  5.   1.1 -1.   0.9 -0.9  0.4 -1.2 -0.6 -0.3 -4.   5.2  0.9   5.  -1.1  1.1  1.1]
295, 736.9580188169999, 4490.1005828380585, 6020, 6020000, 120.16670290652178, 1353, 1, [ 5.3 -0.7  5.3  0.9 -1.6  0.8 -0.7  0.4 -1.1 -0.7 -0.4 -4.   5.4  1.   5.3 -1.3  1.1  1.1]
296, 739.7967624309999, 4505.784770727158, 6040, 6040000, -8.941936293693981, 1353, 1, [ 0.   0.   0.   0.   0.   0.   2.   1.5  0.   0.   0.   0.   0.   0.   0.   0.   0.  -1. ]
297, 742.2030457359999, 4524.328190326691, 6060, 6060000, 144.03132924445157, 1353, 1, [ 5.5 -0.3  5.5  0.6 -2.   0.7 -0.8  0.4 -1.3 -0.7 -0.3 -3.9  4.8  0.9   4.9 -1.4  1.   0.9]
298, 744.658836191, 4536.4959943294525, 6080, 6080000, 162.3844542604334, 1402, 1, [ 3.1 -0.3  3.1  0.6 -1.3  0.7 -0.8  0.4 -1.6 -0.8 -0.5 -3.8  3.9  0.9   4.  -1.4  1.   0.9]
299, 747.082812689, 4545.669387578964, 6100, 6100000, 159.18949508741645, 1402, 1, [ 3.2 -0.4  3.2  0.7 -1.4  0.8 -0.9  0.5 -1.7 -0.9 -0.6 -3.9  4.   1.   4.1 -1.5  1.1  1. ]
300, 749.478260506, 4555.990779876709, 6120, 6120000, 109.76257256904826, 1353, 1, [ 5.8 -0.5  5.8  0.8 -2.   1.  -1.   0.6 -1.2 -0.9 -0.5 -4.   5.9  1.1   5.8 -1.2  1.2  1. ]
301, 751.934785575, 4569.271368265152, 6140, 6140000, 157.595378930364, 1303, 1, [ 3.5 -0.4  3.5  0.6 -1.4  0.8 -0.9  0.5 -1.7 -0.9 -0.7 -4.   4.2  1.   4.2 -1.6  1.1  1. ]
302, 754.337798839, 4583.8562088012695, 6160, 6160000, 141.13000715193647, 1303, 1, [ 4.8 -0.4  4.8  0.7 -1.6  0.9 -1.   0.5 -1.8 -1.  -0.6 -4.   4.9  1.   5.  -1.5  1.2  1.1]
303, 756.741842056, 4599.563723325729, 6180, 6180000, 158.59305888357585, 1254, 1, [ 3.3 -0.2  3.3  0.6 -1.3  0.8 -0.8  0.5 -1.6 -0.8 -0.5 -3.9  4.   1.   4.1 -1.4  1.1  1. ]
304, 759.132895978, 4612.82940864563, 6200, 6200000, 160.50612779622287, 1353, 1, [ 3.4 -0.3  3.4  0.6 -1.3  0.8 -0.8  0.5 -1.6 -0.8 -0.5 -3.9  4.   1.   4.1 -1.4  1.1  1. ]
305, 761.9286806519999, 4623.649462461472, 6220, 6220000, -9.253298837429993, 1402, 1, [-5.   5.  -4.5  4.5 -4.   4.  -3.5  3.5 -3.   3.  -2.5  2.5 -2.   2.  -1.5  1.5 -1.   1. ]
306, 764.317965785, 4636.309587717056, 6240, 6240000, 138.92780787880605, 1353, 1, [ 5.  -0.3  5.   0.8 -1.5  0.9 -1.   0.6 -1.8 -1.  -0.6 -4.   5.   1.   5.2 -1.6  1.2  1. ]
307, 766.702960699, 4667.980913877487, 6260, 6260000, 124.35474053086905, 1353, 1, [ 4.   0.5  4.   0.6 -1.   0.5 -0.5  0.5 -1.5 -0.5 -0.4 -3.5  4.5  1.   4.5 -1.   1.   0.8]
308, 769.317891926, 4678.131973981857, 6280, 6280000, 30.72860418996446, 1353, 1, [-4.   2.  -3.   3.  -2.5  1.5 -1.   0.5  4.5 -4.5 -0.5  3.5 -2.5  2.5  -1.   1.  -0.5  0.5]
309, 771.739363346, 4686.89457988739, 6300, 6300000, 160.6180317360018, 1353, 1, [ 2.5 -0.8  2.5  0.4 -1.   0.6 -0.9  0.3 -1.4 -0.9 -0.5 -3.5  3.5  0.8   3.8 -1.3  0.9  0.8]
310, 774.137660386, 4702.100555181503, 6320, 6320000, 158.04101856736617, 1402, 1, [ 3.2 -0.4  3.2  0.7 -1.4  0.8 -0.9  0.5 -1.7 -0.9 -0.6 -3.9  4.   1.   4.2 -1.6  1.1  1. ]
311, 776.7242482519999, 4711.509482622147, 6340, 6340000, -97.55290746615283, 1353, 1, [ 0.5 -2.3  1.4 -0.7  3.9 -1.1 -0.4  2.6 -3.2  1.   0.8 -4.1  5.  -0.9  -2.5  3.3 -1.2  0.4]
312, 779.189689327, 4720.417763471603, 6360, 6360000, 124.74447524320844, 1353, 1, [ 5.2 -0.9  5.   1.1 -1.9  0.6 -0.7  0.3 -1.4 -1.  -0.3 -3.4  4.8  0.9   4.9 -1.7  1.   0.7]
313, 781.5907694399999, 4754.825894355774, 6380, 6380000, -4.628510612049944, 1353, 1, [ 1.2  2.5 -1.8  0.9  3.  -2.1 -4.5  1.7 -0.3  4.2 -5.   2.   0.  -3.3   5.6 -4.8 -2.7  0.8]
314, 784.059872264, 4765.183807373047, 6400, 6400000, -6.670704975157024, 1353, 1, [ 5. -5.  5. -5.  5. -5.  5. -5.  5. -5.  5. -5.  5. -5.  5. -5.  0.  0.]
315, 786.469217397, 4774.3135776519775, 6420, 6420000, 152.57412332561313, 1402, 1, [ 3.3 -0.4  3.3  0.8 -1.4  0.9 -0.8  0.6 -1.5 -0.9 -0.5 -3.8  4.1  1.   4.2 -1.5  1.2  1. ]
316, 788.9317303939999, 4791.828567028046, 6440, 6440000, 148.63388649296928, 1402, 1, [ 4.5 -0.2  4.5  1.  -1.   1.  -0.5  0.7 -1.  -0.5 -0.3 -4.   4.5  1.2   4.5 -1.   1.5  1.2]
317, 791.344521202, 4807.818429470062, 6460, 6460000, 161.8015367876126, 1402, 1, [ 3.  -0.4  3.   0.6 -1.2  0.7 -0.9  0.4 -1.5 -0.9 -0.4 -3.7  4.   0.9   4.  -1.4  1.   1. ]
318, 793.965384572, 4820.318310976028, 6480, 6480000, -54.14629188147743, 1402, 1, [-2.5  1.3 -3.  -1.1  2.4 -0.6  0.7 -2.  -4.5  0.5  3.2 -1.8 -0.9  4.  -3.3  2.1 -5.   1. ]
319, 796.450808136, 4836.376080751419, 6500, 6500000, 157.70102366353845, 1353, 1, [ 3.2 -0.4  3.2  0.7 -1.4  0.8 -0.9  0.5 -1.7 -0.9 -0.6 -3.9  4.   1.   4.2 -1.5  1.1  1. ]
320, 798.8379505119999, 4863.546281814575, 6520, 6520000, 121.45725746955229, 1353, 1, [ 4.5 -0.5  4.   0.2 -3.   0.5  3.5  0.3 -4.  -0.7 -2.5 -4.5  5.   1.   4.8 -1.   2.   1.5]
321, 801.201533373, 4872.078640460968, 6540, 6540000, 140.5326511673215, 1353, 1, [ 5.  -0.2  5.   1.  -1.5  0.9 -0.7  0.6 -1.8 -0.9 -0.4 -4.   5.   1.1   5.  -1.3  1.6  1.2]
322, 803.590952318, 4904.68666434288, 6560, 6560000, 152.34715254625883, 1353, 1, [ 3.3 -0.3  3.3  0.6 -1.2  0.7 -0.9  0.4 -1.5 -0.8 -0.4 -4.   4.   1.   5.  -1.4  1.3  1.2]
323, 806.056438698, 4913.419078588486, 6580, 6580000, 140.8527927096199, 1402, 1, [ 4.  -0.4  4.   0.7 -1.5  0.8 -0.7  0.5 -1.7 -0.9 -0.6 -3.9  5.   1.   5.  -1.4  1.2  1.1]
324, 808.461331773, 4932.810783147812, 6600, 6600000, 139.44220499558443, 1402, 1, [ 4.7 -0.6  4.7  0.8 -1.5  0.9 -0.7  0.6 -1.8 -0.9 -0.6 -4.   4.9  1.1   5.  -1.6  1.4  1.3]
325, 810.8659888589999, 4947.523953676224, 6620, 6620000, 128.78384614336434, 1402, 1, [ 5.5 -0.2  5.5  0.8 -2.   0.9 -0.8  0.5 -2.5 -1.  -0.3 -4.   5.8  1.   6.  -1.5  1.5  1. ]
326, 813.368740582, 4964.415009975433, 6640, 6640000, 157.88554241513958, 1402, 1, [ 3.3 -0.4  3.2  0.7 -1.4  0.8 -0.9  0.5 -1.7 -0.9 -0.6 -4.   4.1  1.   4.2 -1.5  1.2  1. ]
327, 815.708708951, 4981.22017455101, 6660, 6660000, -16.879995456115353, 1402, 1, [-3.   1.  -3.  -0.5  1.5 -0.7  0.8 -0.4 -2.   0.6  2.   3.5 -4.  -0.9   3.  -1.  -0.5  0.7]
328, 818.1390297539999, 4989.306445121765, 6680, 6680000, 122.74548252989928, 1402, 1, [ 5.8 -0.5  5.9  0.9 -2.2  1.  -0.6  0.6 -2.8 -1.  -0.4 -4.2  6.   1.2   6.  -1.7  1.6  1.2]
329, 820.527707238, 5010.784853219986, 6700, 6700000, 162.94033919162592, 1402, 1, [ 3.1 -0.3  3.1  0.6 -1.3  0.7 -0.8  0.4 -1.6 -0.8 -0.5 -3.7  3.9  0.9   4.1 -1.3  1.   0.9]
330, 822.980791621, 5026.241283416748, 6720, 6720000, 117.99923621809937, 1402, 1, [ 4.5  0.2  4.6  0.8 -1.   0.5 -0.9  0.6 -2.  -0.7 -0.4 -4.   5.   0.9   5.5 -1.2  1.3  0.7]
331, 825.398793021, 5041.2691559791565, 6740, 6740000, 134.7773990417704, 1353, 1, [ 4.5 -0.6  4.5  1.  -1.6  1.  -0.6  0.6 -2.  -1.  -0.3 -4.   4.8  1.2   4.8 -1.5  1.4  1.2]
332, 827.909785687, 5051.353551864624, 6760, 6760000, -56.623212232744365, 1353, 1, [-4.5  3.7 -5.2  2.1 -3.3  4.4 -2.8  1.9  0.5 -4.   3.  -1.1  5.6 -2.4   1.8 -5.5  2.7 -0.6]
333, 830.373558476, 5064.316945552826, 6780, 6780000, 139.0729963831239, 1353, 1, [ 4.  -0.4  4.   0.7 -1.4  0.8 -0.9  0.5 -1.8 -0.9 -0.5 -4.   4.8  1.   5.8 -1.5  1.4  1. ]
334, 832.770985387, 5073.271936893463, 6800, 6800000, 158.34153953371418, 1353, 1, [ 2.8  0.   2.9  0.7 -1.   0.8 -0.7  0.5 -1.5 -0.8 -0.4 -3.6  4.2  0.9   4.3 -1.4  1.2  0.8]
335, 835.17876272, 5085.679133653641, 6820, 6820000, 133.06855366694367, 1402, 1, [ 5.  -0.5  5.   0.8 -1.5  0.8 -1.   0.5 -2.  -0.9 -0.6 -4.   5.   1.   5.5 -1.   1.5  1. ]
336, 837.9580714169999, 5103.074088811874, 6840, 6840000, 7.554214878652362, 1402, 1, [ 4.  -0.2  4.1  0.3  3.2 -0.1 -3.5  0.4 -4.3 -0.6 -5.   0.2  5.   0.1   4.5 -0.3  1.5  1. ]
337, 840.552910074, 5116.718946695328, 6860, 6860000, 162.36592125480283, 1402, 1, [ 3.1 -0.3  3.1  0.8 -1.3  0.7 -0.8  0.4 -1.6 -0.8 -0.5 -3.7  3.9  0.9   4.1 -1.3  0.5  0.5]
338, 842.967518491, 5128.378390789032, 6880, 6880000, 155.72924031425788, 1402, 1, [ 3.2 -0.4  3.2  0.7 -1.5  0.8 -0.9  0.5 -1.8 -0.9 -0.6 -3.9  4.2  0.9   4.2 -1.2  1.3  0.9]
339, 845.445672092, 5143.164326906204, 6900, 6900000, 114.46639916665374, 1353, 1, [ 3.5 -0.5  3.5  5.  -1.   0.8 -0.8  0.4 -1.6 -0.8 -0.5 -3.7  4.   0.9   4.  -1.3  1.   0.9]
340, 847.918999937, 5151.081619262695, 6920, 6920000, 137.61138937525158, 1353, 1, [ 4.5 -0.3  4.5  1.  -1.4  0.9 -0.8  0.5 -2.  -0.8 -0.6 -3.8  4.8  1.   4.8 -1.4  1.5  1. ]
341, 850.316201035, 5161.813926458359, 6940, 6940000, 159.10452703258824, 1353, 1, [ 3.  -0.3  3.   0.7 -1.2  0.8 -0.8  0.5 -1.5 -0.7 -0.4 -3.5  4.   1.   4.2 -1.2  1.   1. ]
342, 852.8103045639999, 5177.019830226898, 6960, 6960000, 86.3592453217021, 1353, 1, [ 3.1 -0.4  3.1  6.  -1.   0.9 -0.6  0.7 -1.  -0.7 -0.3 -3.   5.   1.   5.  -1.   1.   1. ]
343, 855.233460944, 5192.0728459358215, 6980, 6980000, 148.70906200778327, 1402, 1, [ 3.  -0.4  3.3  0.9 -1.4  0.8 -0.7  0.5 -1.7 -0.7 -0.4 -3.6  4.   1.   4.3 -1.2  1.2  0.8]
344, 857.683854046, 5205.109353065491, 7000, 7000000, 124.01325583573885, 1402, 1, [ 5.   0.   5.   0.5 -1.5  0.6 -0.8  0.4 -1.5 -0.8 -0.5 -3.5  5.   0.9   5.  -1.   1.   1. ]
345, 860.087463743, 5216.1296899318695, 7020, 7020000, 154.10914370155464, 1402, 1, [ 3.  -0.2  3.   0.7 -1.1  0.8 -0.9  0.4 -1.4 -0.9 -0.5 -3.6  4.2  0.8   4.5 -1.3  1.2  0.9]
346, 862.47988658, 5224.922927618027, 7040, 7040000, 133.06757683051396, 1402, 1, [ 4.5 -1.   4.   1.  -1.5  0.8 -0.9  0.5 -1.8 -0.9 -0.4 -3.4  4.5  1.   4.8 -1.   1.   0.8]
347, 864.927301408, 5237.534461259842, 7060, 7060000, 4.982729129503069, 1402, 1, [ 5.  -5.   4.8 -4.8  5.  -5.   4.5 -4.5  5.  -5.   4.2 -4.2  5.  -5.   4.  -4.   1.   1. ]
348, 867.291104852, 5248.944798231125, 7080, 7080000, 112.4000436284758, 1402, 1, [ 4.3  0.2  4.1 -0.5 -2.   1.  -1.5  0.7  2.8 -1.2 -0.6 -2.8  4.   0.9   3.5 -1.   0.8  0.7]
349, 869.6758973689999, 5269.895473003387, 7100, 7100000, 160.196672728831, 1402, 1, [ 3.5 -0.2  3.4  0.7 -1.2  0.8 -0.9  0.3 -1.7 -0.8 -0.4 -3.6  4.   0.8   4.2 -1.3  1.   0.8]
350, 872.0653209139999, 5290.099420070648, 7120, 7120000, 157.49814748863156, 1402, 1, [ 3.  -0.4  3.   0.7 -1.1  0.8 -0.9  0.5 -1.5 -0.8 -0.4 -3.6  4.   1.   4.3 -1.2  1.1  0.8]
351, 874.7608183799999, 5306.834180831909, 7140, 7140000, -22.404613864716563, 1402, 1, [ 0.   0.   0.   0.   0.   0.   2.  -1.5  0.   0.   0.5  0.   0.5  0.   0.   0.   0.   0. ]
352, 877.5303221649999, 5317.048467874527, 7160, 7160000, -28.034954127288785, 1402, 1, [ 2.  -1.   1.5  0.  -0.5  1.  -2.   0.5  3.  -1.5  2.5 -0.5 -3.   1.5   0.   2.   0.8 -0.8]
353, 879.9165114719999, 5330.276574134827, 7180, 7180000, 149.30894417587677, 1402, 1, [ 3.6 -0.4  3.6  0.8 -1.4  0.8 -0.9  0.5 -1.7 -0.9 -0.6 -3.8  4.4  1.   4.6 -1.4  1.2  1. ]
354, 882.340739927, 5340.797099113464, 7200, 7200000, 132.0807954388195, 1402, 1, [ 4.5 -0.5  4.2  0.9 -2.   0.8 -0.9  0.6 -1.8 -1.  -0.6 -4.   5.   1.   4.8 -1.5  1.2  0.7]
355, 884.718731257, 5358.4696934223175, 7220, 7220000, 156.05275216895947, 1402, 1, [ 3.3 -0.4  3.2  0.7 -1.4  0.8 -0.9  0.4 -1.7 -0.9 -0.5 -3.8  4.   1.   4.5 -1.3  1.   0.8]
356, 887.1084016159999, 5373.3562042713165, 7240, 7240000, 135.96900703245566, 1402, 1, [ 2.1 -1.1  3.2 -0.9 -1.7  0.8 -0.8  0.5 -1.4 -0.6 -0.3 -3.5  4.2  1.   4.3 -1.2  0.9  0.8]
357, 889.8540048579999, 5381.297979593277, 7260, 7260000, 6.9772805385538845, 1402, 1, [ 5.  -5.   4.5  3.2 -4.   2.1 -3.3  1.4 -2.2  0.8  4.4 -0.9  1.7 -3.6   2.5 -1.5  0.6 -2.3]
358, 892.2898931169999, 5393.2446455955505, 7280, 7280000, 155.66954219911005, 1402, 1, [ 3.3 -0.2  3.4  0.7 -1.5  0.8 -0.9  0.5 -1.6 -0.8 -0.4 -3.8  4.2  1.   4.7 -1.3  1.2  1.1]
359, 894.6669432829999, 5413.421529054642, 7300, 7300000, -95.3984791219992, 1402, 1, [-2.5  1.2 -4.   2.3  0.  -1.5  3.7 -0.8 -3.1  1.  -2.2  0.4  2.9 -1.  -0.6  4.2  0.3 -1.4]
360, 897.060908734, 5432.563114404678, 7320, 7320000, 157.4895783014279, 1402, 1, [ 3.  -0.4  3.2  0.7 -1.4  0.8 -0.7  0.5 -1.5 -0.8 -0.4 -3.6  4.   1.   4.2 -1.2  1.   1. ]
361, 899.4907192669999, 5454.14223074913, 7340, 7340000, 149.92175106508665, 1402, 1, [ 3.5 -0.2  3.6  0.8 -1.2  1.  -0.6  0.5 -1.5 -0.6 -0.4 -3.6  4.   0.9   4.2 -1.3  1.   0.8]
362, 902.233618744, 5481.872570037842, 7360, 7360000, -99.81229496339094, 1402, 1, [ 4.8 -4.7  5.1  4.6 -5.   5.  -4.9  5.2  5.  -5.1  5.3 -4.8  5.4  5.5  -5.2  4.9  5.6 -5.3]
363, 904.6495159819999, 5500.48930978775, 7380, 7380000, 124.30762868738645, 1402, 1, [ 4.  -0.5  4.   1.  -1.5  1.  -1.   0.5 -1.5 -1.  -0.5 -4.   5.   1.   5.  -1.5  1.5  1. ]
364, 907.050109066, 5513.8021783828735, 7400, 7400000, 155.43719990086203, 1402, 1, [ 4.3 -0.5  3.8  0.2 -2.   0.5 -1.2  0.6 -1.8 -0.9 -0.3 -3.5  4.5  0.8   4.  -1.   1.   0.7]
365, 909.5069729009999, 5521.776722192764, 7420, 7420000, 138.20841380408427, 1402, 1, [ 2.5 -0.8  3.3  0.7 -1.1  0.9 -0.6  0.3 -1.4 -0.9 -0.3 -3.5  4.2  0.8   3.9 -1.2  0.7  0.6]
366, 911.906622065, 5537.337849140167, 7440, 7440000, 146.00704501984924, 1402, 1, [ 2.9 -1.1  3.3  0.7 -0.9  0.5 -0.7  0.6 -1.7 -0.7 -0.6 -3.8  4.   1.   4.3 -1.2  1.2  0.7]
367, 914.3002108039999, 5556.416388988495, 7460, 7460000, 157.59968299563852, 1402, 1, [ 3.2 -0.4  3.2  0.7 -1.4  0.8 -0.9  0.5 -1.7 -0.9 -0.6 -3.9  4.   0.9   4.2 -1.5  1.   0.8]
368, 916.7548586629999, 5573.494858503342, 7480, 7480000, -63.91882933191513, 1402, 1, [-5.   2.5 -4.5  3.5 -2.  -1.5  4.  -3.  -4.   1.5  0.   2.5 -3.5  1.  -5.5  4.5  0.5 -0.5]
369, 919.1762613689999, 5585.627680301666, 7500, 7500000, 153.3090547016489, 1402, 1, [ 3.3 -0.4  3.3  0.7 -1.2  0.8 -0.9  0.5 -1.7 -0.9 -0.4 -3.8  4.   0.8   4.2 -1.4  1.1  0.8]
370, 921.5695296709999, 5598.112382650375, 7520, 7520000, 151.4983822256527, 1402, 1, [ 4.  -0.2  3.9  0.8 -1.   0.9 -0.6  0.4 -1.5 -0.8 -0.4 -3.6  4.1  0.7   4.  -1.2  1.   0.9]
371, 924.002586892, 5613.198744773865, 7540, 7540000, 159.2337921443206, 1402, 1, [ 3.  -0.2  3.   0.7 -1.2  0.8 -0.9  0.5 -1.5 -0.7 -0.4 -3.8  4.   1.   4.3 -1.1  1.2  0.8]
372, 926.388061526, 5647.247123718262, 7560, 7560000, 156.79971797034307, 1402, 1, [ 3.4 -0.1  3.5  0.9 -1.6  0.5 -0.5  0.6 -1.8 -1.  -0.7 -4.   4.1  0.6   4.4 -1.   0.8  0.6]
373, 928.766782003, 5663.5003798007965, 7580, 7580000, 163.04793435617174, 1402, 1, [ 3.2 -0.2  3.2  0.7 -1.2  0.8 -0.7  0.5 -1.5 -0.7 -0.4 -3.6  4.   1.   4.2 -1.4  1.1  0.8]
374, 931.149129316, 5684.889154672623, 7600, 7600000, 155.95118016586122, 1402, 1, [ 3.3 -0.3  3.3  0.8 -1.1  0.9 -0.6  0.6 -1.4 -0.6 -0.3 -3.5  4.1  1.1   4.3 -1.3  1.2  0.9]
375, 933.726504375, 5694.638115406036, 7620, 7620000, 154.96738321622044, 1353, 1, [ 3.6  0.   3.6  1.  -1.4  1.  -0.5  0.7 -1.4 -0.6 -0.3 -3.5  4.2  1.2   4.3 -1.2  1.   0.7]
376, 936.069491712, 5710.633510112762, 7640, 7640000, -4.7813692838118405, 1353, 1, [ 4.5 -4.3  4.  -4.   3.8 -3.6  3.5 -3.5  3.2 -3.2  2.9 -2.9  2.5 -2.5   2.  -2.   1.  -1. ]
377, 938.4897953679999, 5726.536557197571, 7660, 7660000, 156.97932945380595, 1353, 1, [ 3.3 -0.2  3.4  0.8 -1.1  0.9 -0.8  0.6 -1.3 -0.6 -0.3 -3.8  4.2  1.   4.4 -1.2  1.   0.8]
378, 940.957750317, 5739.413343429565, 7680, 7680000, 159.42617028055574, 1353, 1, [ 3.4 -0.1  3.4  0.8 -1.1  0.9 -0.6  0.6 -1.4 -0.6 -0.3 -3.5  4.2  1.2   4.3 -1.2  1.2  0.9]
379, 943.361596361, 5757.719186067581, 7700, 7700000, 150.3174787881672, 1402, 1, [ 2.8 -0.5  2.9  0.9 -1.   0.6 -0.4  0.7 -1.2 -0.8 -0.2 -3.4  3.8  1.   4.  -1.3  1.1  0.8]
380, 945.7643305309999, 5770.377494573593, 7720, 7720000, 154.0654271332256, 1402, 1, [ 3.3 -0.2  3.3  0.9 -1.1  0.9 -0.8  0.5 -1.4 -0.7 -0.4 -3.7  4.1  1.   4.3 -1.3  1.1  0.8]
381, 948.1809687489999, 5779.931858301163, 7740, 7740000, 152.09570914136273, 1402, 1, [ 3.5 -0.4  3.5  0.9 -1.3  0.8 -0.8  0.6 -1.4 -0.8 -0.5 -3.7  4.   1.1   4.3 -1.3  1.2  0.9]
382, 950.678510559, 5789.541402578354, 7760, 7760000, 151.41140939066844, 1402, 1, [ 4.5 -0.3  4.6  1.  -0.8  0.9 -0.9  0.7 -1.  -0.7 -0.3 -3.9  4.3  1.2   4.5 -1.   1.1  0.8]
383, 953.136564369, 5798.7789216041565, 7780, 7780000, 132.04696508964335, 1402, 1, [ 5.  -2.   4.5  1.5 -3.   2.  -1.   0.5 -4.   1.   3.  -5.   4.8  0.8   4.  -2.5  0.   1. ]
384, 955.6327443289999, 5807.969213008881, 7800, 7800000, -8.587338425776606, 1402, 1, [ 6. -6.  6. -6.  6. -6.  6. -6.  6. -6.  6. -6.  6. -6.  6. -6.  0.  0.]
385, 958.1337502529999, 5820.297066450119, 7820, 7820000, 152.21125675559068, 1402, 1, [ 3.6 -0.3  3.6  0.9 -1.3  0.8 -0.8  0.6 -1.5 -0.8 -0.5 -3.7  4.2  1.1   4.4 -1.4  1.2  0.9]
386, 960.589908448, 5840.479229450226, 7840, 7840000, 159.3927909672666, 1402, 1, [ 3.3 -0.1  3.3  0.8 -1.1  0.9 -0.6  0.6 -1.4 -0.6 -0.3 -3.5  4.1  1.1   4.3 -1.3  1.2  0.9]
387, 963.033137561, 5851.5104858875275, 7860, 7860000, 150.17491934126127, 1402, 1, [ 2.3 -0.5  2.1  0.9 -0.8  0.7 -0.9  0.6 -1.4 -0.7 -0.4 -3.5  3.8  1.   4.  -1.2  1.   0.8]
388, 965.553995937, 5864.882776498795, 7880, 7880000, 141.46026488765563, 1402, 1, [ 4.  -0.3  4.   0.9 -1.2  0.9 -0.8  0.5 -1.5 -0.8 -0.4 -3.4  4.2  1.   4.5 -1.3  1.1  0.9]
389, 968.002220624, 5894.521078586578, 7900, 7900000, 126.21564537679149, 1402, 1, [ 5.  -0.5  5.   1.  -1.   1.  -0.5  0.5 -1.5 -0.5 -0.5 -3.5  4.5  1.   4.5 -1.   1.   0.9]
390, 970.460045533, 5920.105412244797, 7920, 7920000, 149.07978899068726, 1402, 1, [ 5.  -0.2  5.   0.8 -1.   0.9 -0.6  0.7 -1.2 -0.6 -0.4 -3.4  4.5  1.2   4.8 -1.2  1.3  0.9]
391, 972.925407419, 5941.369943857193, 7940, 7940000, 155.0279241666709, 1402, 1, [ 3.5 -0.3  3.5  0.7 -1.   0.9 -0.6  0.7 -1.3 -0.7 -0.4 -3.6  4.2  1.   4.4 -1.2  1.2  0.8]
392, 975.4073614519999, 5955.472995996475, 7960, 7960000, -3.4281173907370097, 1402, 1, [ 5. -5.  5. -5.  5. -5.  5. -5.  5. -5.  5. -5.  5. -5.  5. -5.  0.  0.]
393, 977.850602954, 5968.117705583572, 7980, 7980000, 142.478386881814, 1402, 1, [ 4.5  0.   4.5  1.  -0.8  1.  -0.7  0.6 -1.  -0.7 -0.3 -3.5  4.   0.9   4.3 -1.2  1.2  0.7]
394, 980.6468346309999, 5982.757110834122, 8000, 8000000, -29.766416249512268, 1402, 1, [ 6. -6.  6. -6.  6. -6.  6. -6.  6. -6.  6. -6.  6. -6.  6. -6.  6. -6.]
395, 983.144150978, 5997.2867159843445, 8020, 8020000, 158.88535888275908, 1402, 1, [ 3.4 -0.1  3.4  0.8 -1.1  0.9 -0.6  0.6 -1.4 -0.6 -0.3 -3.5  4.2  1.1   4.3 -1.3  1.2  0.9]
396, 985.933386113, 6017.0418491363525, 8040, 8040000, 27.047044554108282, 1402, 1, [ 5.   5.   5.   5.  -2.  -2.  -3.   5.  -1.  -1.  -3.  -3.  -2.  -2.  -1.  -1.   1.5  1.5]
397, 988.386681536, 6034.139935731888, 8060, 8060000, 159.85036264090567, 1402, 1, [ 3.3 -0.3  3.3  0.7 -1.3  0.8 -0.8  0.5 -1.5 -0.8 -0.4 -3.7  4.1  1.   4.2 -1.3  1.2  0.9]
398, 990.8948958029999, 6059.722422361374, 8080, 8080000, 159.66010924710486, 1402, 1, [ 3.3 -0.3  3.3  0.8 -1.1  0.8 -0.7  0.5 -1.5 -0.8 -0.3 -3.7  4.   1.   4.1 -1.3  1.1  0.9]
399, 993.737548026, 6075.519828557968, 8100, 8100000, -18.712706622359477, 1402, 1, [ 1. -1.  1. -1.  1. -1.  1. -1.  1. -1.  1. -1.  1. -1.  1. -1.  1. -1.]
